href,url,finalUrl,status,len,verdict
/content/mca/global/en/home.html,https://www.mca.gov.in/content/mca/global/en/home.html,https://www.mca.gov.in/content/mca/global/en/home.html,200,15000,ACCESSIBLE
/content/mca/global/en/about-us.html,https://www.mca.gov.in/content/mca/global/en/about-us.html,https://www.mca.gov.in/content/mca/global/en/about-us.html,200,15000,ACCESSIBLE
/content/mca/global/en/about-us/aboutmca.html,https://www.mca.gov.in/content/mca/global/en/about-us/aboutmca.html,https://www.mca.gov.in/content/mca/global/en/about-us/aboutmca.html,200,15000,ACCESSIBLE
/content/mca/global/en/about-us/image-gallery.html,https://www.mca.gov.in/content/mca/global/en/about-us/image-gallery.html,https://www.mca.gov.in/content/mca/global/en/about-us/image-gallery.html,200,15000,ACCESSIBLE
/content/mca/global/en/about-us/right-to-information.html,https://www.mca.gov.in/content/mca/global/en/about-us/right-to-information.html,https://www.mca.gov.in/content/mca/global/en/about-us/right-to-information.html,200,15000,ACCESSIBLE
/content/mca/global/en/about-us/right-to-information/disclosure.html,https://www.mca.gov.in/content/mca/global/en/about-us/right-to-information/disclosure.html,https://www.mca.gov.in/content/mca/global/en/about-us/right-to-information/disclosure.html,200,15000,ACCESSIBLE
/content/mca/global/en/about-us/right-to-information/orders.html,https://www.mca.gov.in/content/mca/global/en/about-us/right-to-information/orders.html,https://www.mca.gov.in/content/mca/global/en/about-us/right-to-information/orders.html,200,15000,ACCESSIBLE
/content/mca/global/en/about-us/right-to-information/list-of-cpios--aas.html,https://www.mca.gov.in/content/mca/global/en/about-us/right-to-information/list-of-cpios--aas.html,https://www.mca.gov.in/content/mca/global/en/about-us/right-to-information/list-of-cpios--aas.html,200,15000,ACCESSIBLE
/content/mca/global/en/about-us/newsletter.html,https://www.mca.gov.in/content/mca/global/en/about-us/newsletter.html,https://www.mca.gov.in/content/mca/global/en/about-us/newsletter.html,200,15000,ACCESSIBLE
/content/mca/global/en/about-us/achievements.html,https://www.mca.gov.in/content/mca/global/en/about-us/achievements.html,https://www.mca.gov.in/content/mca/global/en/about-us/achievements.html,200,15000,ACCESSIBLE
/content/mca/global/en/about-us/mca-offices.html,https://www.mca.gov.in/content/mca/global/en/about-us/mca-offices.html,https://www.mca.gov.in/content/mca/global/en/about-us/mca-offices.html,200,15000,ACCESSIBLE
/content/mca/global/en/about-us/affiliated-offices.html,https://www.mca.gov.in/content/mca/global/en/about-us/affiliated-offices.html,https://www.mca.gov.in/content/mca/global/en/about-us/affiliated-offices.html,200,15000,ACCESSIBLE
/content/mca/global/en/about-us/affiliated-offices/cci.html,https://www.mca.gov.in/content/mca/global/en/about-us/affiliated-offices/cci.html,https://www.mca.gov.in/content/mca/global/en/about-us/affiliated-offices/cci.html,200,15000,ACCESSIBLE
/content/mca/global/en/about-us/affiliated-offices/ibbi.html,https://www.mca.gov.in/content/mca/global/en/about-us/affiliated-offices/ibbi.html,https://www.mca.gov.in/content/mca/global/en/about-us/affiliated-offices/ibbi.html,200,15000,ACCESSIBLE
/content/mca/global/en/about-us/affiliated-offices/icai.html,https://www.mca.gov.in/content/mca/global/en/about-us/affiliated-offices/icai.html,https://www.mca.gov.in/content/mca/global/en/about-us/affiliated-offices/icai.html,200,15000,ACCESSIBLE
/content/mca/global/en/about-us/affiliated-offices/icoai.html,https://www.mca.gov.in/content/mca/global/en/about-us/affiliated-offices/icoai.html,https://www.mca.gov.in/content/mca/global/en/about-us/affiliated-offices/icoai.html,200,15000,ACCESSIBLE
/content/mca/global/en/about-us/affiliated-offices/icsi.html,https://www.mca.gov.in/content/mca/global/en/about-us/affiliated-offices/icsi.html,https://www.mca.gov.in/content/mca/global/en/about-us/affiliated-offices/icsi.html,200,15000,ACCESSIBLE
/content/mca/global/en/about-us/affiliated-offices/iepfa.html,https://www.mca.gov.in/content/mca/global/en/about-us/affiliated-offices/iepfa.html,https://www.mca.gov.in/content/mca/global/en/about-us/affiliated-offices/iepfa.html,200,15000,ACCESSIBLE
/content/mca/global/en/about-us/affiliated-offices/iica.html,https://www.mca.gov.in/content/mca/global/en/about-us/affiliated-offices/iica.html,https://www.mca.gov.in/content/mca/global/en/about-us/affiliated-offices/iica.html,200,15000,ACCESSIBLE
/content/mca/global/en/about-us/affiliated-offices/nclat.html,https://www.mca.gov.in/content/mca/global/en/about-us/affiliated-offices/nclat.html,https://www.mca.gov.in/content/mca/global/en/about-us/affiliated-offices/nclat.html,200,15000,ACCESSIBLE
/content/mca/global/en/about-us/affiliated-offices/nclt.html,https://www.mca.gov.in/content/mca/global/en/about-us/affiliated-offices/nclt.html,https://www.mca.gov.in/content/mca/global/en/about-us/affiliated-offices/nclt.html,200,15000,ACCESSIBLE
/content/mca/global/en/about-us/affiliated-offices/nfcg.html,https://www.mca.gov.in/content/mca/global/en/about-us/affiliated-offices/nfcg.html,https://www.mca.gov.in/content/mca/global/en/about-us/affiliated-offices/nfcg.html,200,15000,ACCESSIBLE
/content/mca/global/en/about-us/affiliated-offices/nfra.html,https://www.mca.gov.in/content/mca/global/en/about-us/affiliated-offices/nfra.html,https://www.mca.gov.in/content/mca/global/en/about-us/affiliated-offices/nfra.html,200,15000,ACCESSIBLE
/content/mca/global/en/about-us/affiliated-offices/nfcsr.html,https://www.mca.gov.in/content/mca/global/en/about-us/affiliated-offices/nfcsr.html,https://www.mca.gov.in/content/mca/global/en/about-us/affiliated-offices/nfcsr.html,200,15000,ACCESSIBLE
/content/mca/global/en/about-us/affiliated-offices/sfo.html,https://www.mca.gov.in/content/mca/global/en/about-us/affiliated-offices/sfo.html,https://www.mca.gov.in/content/mca/global/en/about-us/affiliated-offices/sfo.html,200,15000,ACCESSIBLE
/content/mca/global/en/acts-rules.html,https://www.mca.gov.in/content/mca/global/en/acts-rules.html,https://www.mca.gov.in/content/mca/global/en/acts-rules.html,200,15000,ACCESSIBLE
/content/mca/global/en/application-history.html,https://www.mca.gov.in/content/mca/global/en/application-history.html,https://www.mca.gov.in/content/mca/global/en/application-history.html,200,8000,REDIRECT_TO_LOGIN
/content/mca/global/en/mca.html,https://www.mca.gov.in/content/mca/global/en/mca.html,https://www.mca.gov.in/content/mca/global/en/mca.html,200,15000,ACCESSIBLE
/content/mca/global/en/mca/master-data.html,https://www.mca.gov.in/content/mca/global/en/mca/master-data.html,https://www.mca.gov.in/content/mca/global/en/mca/master-data.html,200,15000,ACCESSIBLE
/content/mca/global/en/mca/master-data/MDS.html,https://www.mca.gov.in/content/mca/global/en/mca/master-data/MDS.html,https://www.mca.gov.in/content/mca/global/en/mca/master-data/MDS.html,200,15000,ACCESSIBLE
/content/mca/global/en/mca/master-data/View-Companies-Directors-under-prosecution-V3.html,https://www.mca.gov.in/content/mca/global/en/mca/master-data/View-Companies-Directors-under-prosecution-V3.html,https://www.mca.gov.in/content/mca/global/en/mca/master-data/View-Companies-Directors-under-prosecution-V3.html,200,15000,ACCESSIBLE
/content/mca/global/en/mca/llp-e-filling.html,https://www.mca.gov.in/content/mca/global/en/mca/llp-e-filling.html,https://www.mca.gov.in/content/mca/global/en/mca/llp-e-filling.html,200,8000,REDIRECT_TO_LOGIN
/content/mca/global/en/mca/llp-e-filling/run-llp.html,https://www.mca.gov.in/content/mca/global/en/mca/llp-e-filling/run-llp.html,https://www.mca.gov.in/content/mca/global/en/mca/llp-e-filling/run-llp.html,200,8000,REDIRECT_TO_LOGIN
/content/mca/global/en/mca/llp-e-filling/Fillip.html,https://www.mca.gov.in/content/mca/global/en/mca/llp-e-filling/Fillip.html,https://www.mca.gov.in/content/mca/global/en/mca/llp-e-filling/Fillip.html,200,8000,REDIRECT_TO_LOGIN
/content/mca/global/en/mca/llp-e-filling/Form-3.html,https://www.mca.gov.in/content/mca/global/en/mca/llp-e-filling/Form-3.html,https://www.mca.gov.in/content/mca/global/en/mca/llp-e-filling/Form-3.html,200,8000,REDIRECT_TO_LOGIN
/content/mca/global/en/mca/llp-e-filling/Form-04.html,https://www.mca.gov.in/content/mca/global/en/mca/llp-e-filling/Form-04.html,https://www.mca.gov.in/content/mca/global/en/mca/llp-e-filling/Form-04.html,200,8000,REDIRECT_TO_LOGIN
/content/mca/global/en/mca/llp-e-filling/form5.html,https://www.mca.gov.in/content/mca/global/en/mca/llp-e-filling/form5.html,https://www.mca.gov.in/content/mca/global/en/mca/llp-e-filling/form5.html,200,8000,REDIRECT_TO_LOGIN
/content/mca/global/en/mca/llp-e-filling/Form-8.html,https://www.mca.gov.in/content/mca/global/en/mca/llp-e-filling/Form-8.html,https://www.mca.gov.in/content/mca/global/en/mca/llp-e-filling/Form-8.html,200,8000,REDIRECT_TO_LOGIN
/content/mca/global/en/mca/llp-e-filling/Form-11.html,https://www.mca.gov.in/content/mca/global/en/mca/llp-e-filling/Form-11.html,https://www.mca.gov.in/content/mca/global/en/mca/llp-e-filling/Form-11.html,200,8000,REDIRECT_TO_LOGIN
/content/mca/global/en/mca/llp-e-filling/Form12.html,https://www.mca.gov.in/content/mca/global/en/mca/llp-e-filling/Form12.html,https://www.mca.gov.in/content/mca/global/en/mca/llp-e-filling/Form12.html,200,8000,REDIRECT_TO_LOGIN
/content/mca/global/en/mca/llp-e-filling/Form15.html,https://www.mca.gov.in/content/mca/global/en/mca/llp-e-filling/Form15.html,https://www.mca.gov.in/content/mca/global/en/mca/llp-e-filling/Form15.html,200,8000,REDIRECT_TO_LOGIN
/content/mca/global/en/mca/llp-e-filling/form22.html,https://www.mca.gov.in/content/mca/global/en/mca/llp-e-filling/form22.html,https://www.mca.gov.in/content/mca/global/en/mca/llp-e-filling/form22.html,200,8000,REDIRECT_TO_LOGIN
/content/mca/global/en/mca/llp-e-filling/form-23.html,https://www.mca.gov.in/content/mca/global/en/mca/llp-e-filling/form-23.html,https://www.mca.gov.in/content/mca/global/en/mca/llp-e-filling/form-23.html,200,8000,REDIRECT_TO_LOGIN
/content/mca/global/en/mca/llp-e-filling/form-24.html,https://www.mca.gov.in/content/mca/global/en/mca/llp-e-filling/form-24.html,https://www.mca.gov.in/content/mca/global/en/mca/llp-e-filling/form-24.html,200,8000,REDIRECT_TO_LOGIN
/content/mca/global/en/mca/llp-e-filling/Form-25.html,https://www.mca.gov.in/content/mca/global/en/mca/llp-e-filling/Form-25.html,https://www.mca.gov.in/content/mca/global/en/mca/llp-e-filling/Form-25.html,200,8000,REDIRECT_TO_LOGIN
/content/mca/global/en/mca/llp-e-filling/Form-27.html,https://www.mca.gov.in/content/mca/global/en/mca/llp-e-filling/Form-27.html,https://www.mca.gov.in/content/mca/global/en/mca/llp-e-filling/Form-27.html,200,8000,REDIRECT_TO_LOGIN
/content/mca/global/en/mca/llp-e-filling/Form-28.html,https://www.mca.gov.in/content/mca/global/en/mca/llp-e-filling/Form-28.html,https://www.mca.gov.in/content/mca/global/en/mca/llp-e-filling/Form-28.html,200,8000,REDIRECT_TO_LOGIN
/content/mca/global/en/mca/llp-e-filling/form31.html,https://www.mca.gov.in/content/mca/global/en/mca/llp-e-filling/form31.html,https://www.mca.gov.in/content/mca/global/en/mca/llp-e-filling/form31.html,200,8000,REDIRECT_TO_LOGIN
/content/mca/global/en/mca/llp-e-filling/form-32.html,https://www.mca.gov.in/content/mca/global/en/mca/llp-e-filling/form-32.html,https://www.mca.gov.in/content/mca/global/en/mca/llp-e-filling/form-32.html,200,8000,REDIRECT_TO_LOGIN
/content/mca/global/en/mca/llp-e-filling/LLP-BEN-2.html,https://www.mca.gov.in/content/mca/global/en/mca/llp-e-filling/LLP-BEN-2.html,https://www.mca.gov.in/content/mca/global/en/mca/llp-e-filling/LLP-BEN-2.html,200,8000,REDIRECT_TO_LOGIN
/content/mca/global/en/mca/llp-e-filling/Form-4D.html,https://www.mca.gov.in/content/mca/global/en/mca/llp-e-filling/Form-4D.html,https://www.mca.gov.in/content/mca/global/en/mca/llp-e-filling/Form-4D.html,200,8000,REDIRECT_TO_LOGIN
/content/mca/global/en/mca/llp-e-filling/Form-LLP-ADJ.html,https://www.mca.gov.in/content/mca/global/en/mca/llp-e-filling/Form-LLP-ADJ.html,https://www.mca.gov.in/content/mca/global/en/mca/llp-e-filling/Form-LLP-ADJ.html,200,8000,REDIRECT_TO_LOGIN
/content/mca/global/en/mca/llp-e-filling/LLP-Form-24-LetterView.html,https://www.mca.gov.in/content/mca/global/en/mca/llp-e-filling/LLP-Form-24-LetterView.html,https://www.mca.gov.in/content/mca/global/en/mca/llp-e-filling/LLP-Form-24-LetterView.html,200,8000,REDIRECT_TO_LOGIN
/content/mca/global/en/mca/fo-llp-services.html,https://www.mca.gov.in/content/mca/global/en/mca/fo-llp-services.html,https://www.mca.gov.in/content/mca/global/en/mca/fo-llp-services.html,200,15000,ACCESSIBLE
/content/mca/global/en/mca/fo-llp-services/verify-din-pan-details-of-director.html,https://www.mca.gov.in/content/mca/global/en/mca/fo-llp-services/verify-din-pan-details-of-director.html,https://www.mca.gov.in/content/mca/global/en/mca/fo-llp-services/verify-din-pan-details-of-director.html,200,15000,ACCESSIBLE
/content/mca/global/en/mca/fo-llp-services/enquire-din-status.html,https://www.mca.gov.in/content/mca/global/en/mca/fo-llp-services/enquire-din-status.html,https://www.mca.gov.in/content/mca/global/en/mca/fo-llp-services/enquire-din-status.html,200,15000,ACCESSIBLE
/content/mca/global/en/mca/fo-llp-services/find-llpin.html,https://www.mca.gov.in/content/mca/global/en/mca/fo-llp-services/find-llpin.html,https://www.mca.gov.in/content/mca/global/en/mca/fo-llp-services/find-llpin.html,200,15000,ACCESSIBLE
/content/mca/global/en/mca/fo-llp-services/findCinFinalSingleCom.html,https://www.mca.gov.in/content/mca/global/en/mca/fo-llp-services/findCinFinalSingleCom.html,https://www.mca.gov.in/content/mca/global/en/mca/fo-llp-services/findCinFinalSingleCom.html,200,15000,ACCESSIBLE
/content/mca/global/en/mca/fo-llp-services/track-payment-status-at-ntrp.html,https://www.mca.gov.in/content/mca/global/en/mca/fo-llp-services/track-payment-status-at-ntrp.html,https://www.mca.gov.in/content/mca/global/en/mca/fo-llp-services/track-payment-status-at-ntrp.html,200,15000,ACCESSIBLE
/content/mca/global/en/mca/fo-llp-services/enquire-fees.html,https://www.mca.gov.in/content/mca/global/en/mca/fo-llp-services/enquire-fees.html,https://www.mca.gov.in/content/mca/global/en/mca/fo-llp-services/enquire-fees.html,200,15000,ACCESSIBLE
/content/mca/global/en/mca/fo-llp-services/company-llp-name-search.html,https://www.mca.gov.in/content/mca/global/en/mca/fo-llp-services/company-llp-name-search.html,https://www.mca.gov.in/content/mca/global/en/mca/fo-llp-services/company-llp-name-search.html,200,15000,ACCESSIBLE
/content/mca/global/en/mca/fo-llp-services/fo-user-functionality-flow.html,https://www.mca.gov.in/content/mca/global/en/mca/fo-llp-services/fo-user-functionality-flow.html,https://www.mca.gov.in/content/mca/global/en/mca/fo-llp-services/fo-user-functionality-flow.html,200,15000,ACCESSIBLE
/content/mca/global/en/mca/fo-llp-services/check-annual-filing-status.html,https://www.mca.gov.in/content/mca/global/en/mca/fo-llp-services/check-annual-filing-status.html,https://www.mca.gov.in/content/mca/global/en/mca/fo-llp-services/check-annual-filing-status.html,200,15000,ACCESSIBLE
/content/mca/global/en/mca/fo-llp-services/list-of-proclaimed-offenders.html,https://www.mca.gov.in/content/mca/global/en/mca/fo-llp-services/list-of-proclaimed-offenders.html,https://www.mca.gov.in/content/mca/global/en/mca/fo-llp-services/list-of-proclaimed-offenders.html,200,15000,ACCESSIBLE
/content/mca/global/en/mca/dsc-services-v3.html,https://www.mca.gov.in/content/mca/global/en/mca/dsc-services-v3.html,https://www.mca.gov.in/content/mca/global/en/mca/dsc-services-v3.html,200,15000,ACCESSIBLE
/content/mca/global/en/mca/dsc-services-v3/acquire-dsc.html,https://www.mca.gov.in/content/mca/global/en/mca/dsc-services-v3/acquire-dsc.html,https://www.mca.gov.in/content/mca/global/en/mca/dsc-services-v3/acquire-dsc.html,200,15000,ACCESSIBLE
/content/mca/global/en/mca/dsc-services-v3/associate-dsc.html,https://www.mca.gov.in/content/mca/global/en/mca/dsc-services-v3/associate-dsc.html,https://www.mca.gov.in/content/mca/global/en/mca/dsc-services-v3/associate-dsc.html,200,15000,ACCESSIBLE
/content/mca/global/en/mca/dsc-services-v3/dsc-certifying-authorities.html,https://www.mca.gov.in/content/mca/global/en/mca/dsc-services-v3/dsc-certifying-authorities.html,https://www.mca.gov.in/content/mca/global/en/mca/dsc-services-v3/dsc-certifying-authorities.html,200,15000,ACCESSIBLE
/content/mca/global/en/mca/e-filing.html,https://www.mca.gov.in/content/mca/global/en/mca/e-filing.html,https://www.mca.gov.in/content/mca/global/en/mca/e-filing.html,200,15000,ACCESSIBLE
/content/mca/global/en/mca/e-filing/incorporation-change-services.html,https://www.mca.gov.in/content/mca/global/en/mca/e-filing/incorporation-change-services.html,https://www.mca.gov.in/content/mca/global/en/mca/e-filing/incorporation-change-services.html,200,8000,REDIRECT_TO_LOGIN
/content/mca/global/en/mca/e-filing/incorporation-change-services/run.html,https://www.mca.gov.in/content/mca/global/en/mca/e-filing/incorporation-change-services/run.html,https://www.mca.gov.in/content/mca/global/en/mca/e-filing/incorporation-change-services/run.html,200,8000,REDIRECT_TO_LOGIN
/content/mca/global/en/mca/e-filing/incorporation-change-services/spice.html,https://www.mca.gov.in/content/mca/global/en/mca/e-filing/incorporation-change-services/spice.html,https://www.mca.gov.in/content/mca/global/en/mca/e-filing/incorporation-change-services/spice.html,200,8000,REDIRECT_TO_LOGIN
/content/mca/global/en/mca/e-filing/incorporation-change-services/INC-4.html,https://www.mca.gov.in/content/mca/global/en/mca/e-filing/incorporation-change-services/INC-4.html,https://www.mca.gov.in/content/mca/global/en/mca/e-filing/incorporation-change-services/INC-4.html,200,8000,REDIRECT_TO_LOGIN
/content/mca/global/en/mca/e-filing/incorporation-change-services/MR-1.html,https://www.mca.gov.in/content/mca/global/en/mca/e-filing/incorporation-change-services/MR-1.html,https://www.mca.gov.in/content/mca/global/en/mca/e-filing/incorporation-change-services/MR-1.html,200,8000,REDIRECT_TO_LOGIN
/content/mca/global/en/mca/e-filing/incorporation-change-services/INC-22.html,https://www.mca.gov.in/content/mca/global/en/mca/e-filing/incorporation-change-services/INC-22.html,https://www.mca.gov.in/content/mca/global/en/mca/e-filing/incorporation-change-services/INC-22.html,200,8000,REDIRECT_TO_LOGIN
/content/mca/global/en/mca/e-filing/incorporation-change-services/INC-27.html,https://www.mca.gov.in/content/mca/global/en/mca/e-filing/incorporation-change-services/INC-27.html,https://www.mca.gov.in/content/mca/global/en/mca/e-filing/incorporation-change-services/INC-27.html,200,8000,REDIRECT_TO_LOGIN
/content/mca/global/en/mca/e-filing/incorporation-change-services/SH-7.html,https://www.mca.gov.in/content/mca/global/en/mca/e-filing/incorporation-change-services/SH-7.html,https://www.mca.gov.in/content/mca/global/en/mca/e-filing/incorporation-change-services/SH-7.html,200,8000,REDIRECT_TO_LOGIN
/content/mca/global/en/mca/e-filing/incorporation-change-services/INC-6.html,https://www.mca.gov.in/content/mca/global/en/mca/e-filing/incorporation-change-services/INC-6.html,https://www.mca.gov.in/content/mca/global/en/mca/e-filing/incorporation-change-services/INC-6.html,200,8000,REDIRECT_TO_LOGIN
/content/mca/global/en/mca/e-filing/din-related-forms.html,https://www.mca.gov.in/content/mca/global/en/mca/e-filing/din-related-forms.html,https://www.mca.gov.in/content/mca/global/en/mca/e-filing/din-related-forms.html,200,8000,REDIRECT_TO_LOGIN
/content/mca/global/en/mca/e-filing/din-related-forms/form-dir3.html,https://www.mca.gov.in/content/mca/global/en/mca/e-filing/din-related-forms/form-dir3.html,https://www.mca.gov.in/content/mca/global/en/mca/e-filing/din-related-forms/form-dir3.html,200,8000,REDIRECT_TO_LOGIN
/content/mca/global/en/mca/e-filing/din-related-forms/form-dir3c.html,https://www.mca.gov.in/content/mca/global/en/mca/e-filing/din-related-forms/form-dir3c.html,https://www.mca.gov.in/content/mca/global/en/mca/e-filing/din-related-forms/form-dir3c.html,200,8000,REDIRECT_TO_LOGIN
/content/mca/global/en/mca/e-filing/din-related-forms/form-dir6.html,https://www.mca.gov.in/content/mca/global/en/mca/e-filing/din-related-forms/form-dir6.html,https://www.mca.gov.in/content/mca/global/en/mca/e-filing/din-related-forms/form-dir6.html,200,8000,REDIRECT_TO_LOGIN
/content/mca/global/en/mca/e-filing/din-related-forms/form-dir12.html,https://www.mca.gov.in/content/mca/global/en/mca/e-filing/din-related-forms/form-dir12.html,https://www.mca.gov.in/content/mca/global/en/mca/e-filing/din-related-forms/form-dir12.html,200,8000,REDIRECT_TO_LOGIN
/content/mca/global/en/mca/e-filing/din-related-forms/form-dir3kycweb.html,https://www.mca.gov.in/content/mca/global/en/mca/e-filing/din-related-forms/form-dir3kycweb.html,https://www.mca.gov.in/content/mca/global/en/mca/e-filing/din-related-forms/form-dir3kycweb.html,200,8000,REDIRECT_TO_LOGIN
/content/mca/global/en/mca/e-filing/din-related-forms/form-dir11.html,https://www.mca.gov.in/content/mca/global/en/mca/e-filing/din-related-forms/form-dir11.html,https://www.mca.gov.in/content/mca/global/en/mca/e-filing/din-related-forms/form-dir11.html,200,8000,REDIRECT_TO_LOGIN
/content/mca/global/en/mca/e-filing/din-related-forms/form-dir5.html,https://www.mca.gov.in/content/mca/global/en/mca/e-filing/din-related-forms/form-dir5.html,https://www.mca.gov.in/content/mca/global/en/mca/e-filing/din-related-forms/form-dir5.html,200,8000,REDIRECT_TO_LOGIN
/content/mca/global/en/mca/e-filing/din-related-forms/DIR-10.html,https://www.mca.gov.in/content/mca/global/en/mca/e-filing/din-related-forms/DIR-10.html,https://www.mca.gov.in/content/mca/global/en/mca/e-filing/din-related-forms/DIR-10.html,200,8000,REDIRECT_TO_LOGIN
/content/mca/global/en/mca/e-filing/din-related-forms/DIR-9.html,https://www.mca.gov.in/content/mca/global/en/mca/e-filing/din-related-forms/DIR-9.html,https://www.mca.gov.in/content/mca/global/en/mca/e-filing/din-related-forms/DIR-9.html,200,8000,REDIRECT_TO_LOGIN
/content/mca/global/en/mca/e-filing/charge-management.html,https://www.mca.gov.in/content/mca/global/en/mca/e-filing/charge-management.html,https://www.mca.gov.in/content/mca/global/en/mca/e-filing/charge-management.html,200,8000,REDIRECT_TO_LOGIN
/content/mca/global/en/mca/e-filing/charge-management/form-chg1.html,https://www.mca.gov.in/content/mca/global/en/mca/e-filing/charge-management/form-chg1.html,https://www.mca.gov.in/content/mca/global/en/mca/e-filing/charge-management/form-chg1.html,200,8000,REDIRECT_TO_LOGIN
/content/mca/global/en/mca/e-filing/charge-management/form-chg4.html,https://www.mca.gov.in/content/mca/global/en/mca/e-filing/charge-management/form-chg4.html,https://www.mca.gov.in/content/mca/global/en/mca/e-filing/charge-management/form-chg4.html,200,8000,REDIRECT_TO_LOGIN
/content/mca/global/en/mca/e-filing/charge-management/form-chg6.html,https://www.mca.gov.in/content/mca/global/en/mca/e-filing/charge-management/form-chg6.html,https://www.mca.gov.in/content/mca/global/en/mca/e-filing/charge-management/form-chg6.html,200,8000,REDIRECT_TO_LOGIN
/content/mca/global/en/mca/e-filing/charge-management/form-chg8.html,https://www.mca.gov.in/content/mca/global/en/mca/e-filing/charge-management/form-chg8.html,https://www.mca.gov.in/content/mca/global/en/mca/e-filing/charge-management/form-chg8.html,200,8000,REDIRECT_TO_LOGIN
/content/mca/global/en/mca/e-filing/charge-management/form-chg9.html,https://www.mca.gov.in/content/mca/global/en/mca/e-filing/charge-management/form-chg9.html,https://www.mca.gov.in/content/mca/global/en/mca/e-filing/charge-management/form-chg9.html,200,8000,REDIRECT_TO_LOGIN
/content/mca/global/en/mca/e-filing/Informational-and-Investor-services.html,https://www.mca.gov.in/content/mca/global/en/mca/e-filing/Informational-and-Investor-services.html,https://www.mca.gov.in/content/mca/global/en/mca/e-filing/Informational-and-Investor-services.html,200,8000,REDIRECT_TO_LOGIN
/content/mca/global/en/mca/e-filing/Informational-and-Investor-services/INC-20A.html,https://www.mca.gov.in/content/mca/global/en/mca/e-filing/Informational-and-Investor-services/INC-20A.html,https://www.mca.gov.in/content/mca/global/en/mca/e-filing/Informational-and-Investor-services/INC-20A.html,200,8000,REDIRECT_TO_LOGIN
/content/mca/global/en/mca/e-filing/Informational-and-Investor-services/INC-20.html,https://www.mca.gov.in/content/mca/global/en/mca/e-filing/Informational-and-Investor-services/INC-20.html,https://www.mca.gov.in/content/mca/global/en/mca/e-filing/Informational-and-Investor-services/INC-20.html,200,8000,REDIRECT_TO_LOGIN
/content/mca/global/en/mca/e-filing/Informational-and-Investor-services/INC-28.html,https://www.mca.gov.in/content/mca/global/en/mca/e-filing/Informational-and-Investor-services/INC-28.html,https://www.mca.gov.in/content/mca/global/en/mca/e-filing/Informational-and-Investor-services/INC-28.html,200,8000,REDIRECT_TO_LOGIN
/content/mca/global/en/mca/e-filing/Informational-and-Investor-services/CRL-1.html,https://www.mca.gov.in/content/mca/global/en/mca/e-filing/Informational-and-Investor-services/CRL-1.html,https://www.mca.gov.in/content/mca/global/en/mca/e-filing/Informational-and-Investor-services/CRL-1.html,200,8000,REDIRECT_TO_LOGIN
/content/mca/global/en/mca/e-filing/Informational-and-Investor-services/GNL-4.html,https://www.mca.gov.in/content/mca/global/en/mca/e-filing/Informational-and-Investor-services/GNL-4.html,https://www.mca.gov.in/content/mca/global/en/mca/e-filing/Informational-and-Investor-services/GNL-4.html,200,8000,REDIRECT_TO_LOGIN
/content/mca/global/en/mca/e-filing/Informational-and-Investor-services/MGT-3.html,https://www.mca.gov.in/content/mca/global/en/mca/e-filing/Informational-and-Investor-services/MGT-3.html,https://www.mca.gov.in/content/mca/global/en/mca/e-filing/Informational-and-Investor-services/MGT-3.html,200,8000,REDIRECT_TO_LOGIN
/content/mca/global/en/mca/e-filing/Informational-and-Investor-services/form-pas-2.html,https://www.mca.gov.in/content/mca/global/en/mca/e-filing/Informational-and-Investor-services/form-pas-2.html,https://www.mca.gov.in/content/mca/global/en/mca/e-filing/Informational-and-Investor-services/form-pas-2.html,200,8000,REDIRECT_TO_LOGIN
/content/mca/global/en/mca/e-filing/Informational-and-Investor-services/complaint-form.html,https://www.mca.gov.in/content/mca/global/en/mca/e-filing/Informational-and-Investor-services/complaint-form.html,https://www.mca.gov.in/content/mca/global/en/mca/e-filing/Informational-and-Investor-services/complaint-form.html,200,8000,REDIRECT_TO_LOGIN
/content/mca/global/en/mca/e-filing/Informational-and-Investor-services/Refund.html,https://www.mca.gov.in/content/mca/global/en/mca/e-filing/Informational-and-Investor-services/Refund.html,https://www.mca.gov.in/content/mca/global/en/mca/e-filing/Informational-and-Investor-services/Refund.html,200,8000,REDIRECT_TO_LOGIN
/content/mca/global/en/mca/e-filing/complianceServices.html,https://www.mca.gov.in/content/mca/global/en/mca/e-filing/complianceServices.html,https://www.mca.gov.in/content/mca/global/en/mca/e-filing/complianceServices.html,200,8000,REDIRECT_TO_LOGIN
/content/mca/global/en/mca/e-filing/complianceServices/ADT-1.html,https://www.mca.gov.in/content/mca/global/en/mca/e-filing/complianceServices/ADT-1.html,https://www.mca.gov.in/content/mca/global/en/mca/e-filing/complianceServices/ADT-1.html,200,8000,REDIRECT_TO_LOGIN
/content/mca/global/en/mca/e-filing/complianceServices/ADT-3.html,https://www.mca.gov.in/content/mca/global/en/mca/e-filing/complianceServices/ADT-3.html,https://www.mca.gov.in/content/mca/global/en/mca/e-filing/complianceServices/ADT-3.html,200,8000,REDIRECT_TO_LOGIN
/content/mca/global/en/mca/e-filing/complianceServices/ben2.html,https://www.mca.gov.in/content/mca/global/en/mca/e-filing/complianceServices/ben2.html,https://www.mca.gov.in/content/mca/global/en/mca/e-filing/complianceServices/ben2.html,200,8000,REDIRECT_TO_LOGIN
/content/mca/global/en/mca/e-filing/complianceServices/CSR-1.html,https://www.mca.gov.in/content/mca/global/en/mca/e-filing/complianceServices/CSR-1.html,https://www.mca.gov.in/content/mca/global/en/mca/e-filing/complianceServices/CSR-1.html,200,8000,REDIRECT_TO_LOGIN
/content/mca/global/en/mca/e-filing/complianceServices/INC-22A.html,https://www.mca.gov.in/content/mca/global/en/mca/e-filing/complianceServices/INC-22A.html,https://www.mca.gov.in/content/mca/global/en/mca/e-filing/complianceServices/INC-22A.html,200,8000,REDIRECT_TO_LOGIN
/content/mca/global/en/mca/e-filing/complianceServices/form-mgt-14.html,https://www.mca.gov.in/content/mca/global/en/mca/e-filing/complianceServices/form-mgt-14.html,https://www.mca.gov.in/content/mca/global/en/mca/e-filing/complianceServices/form-mgt-14.html,200,8000,REDIRECT_TO_LOGIN
/content/mca/global/en/mca/e-filing/complianceServices/MSC-3.html,https://www.mca.gov.in/content/mca/global/en/mca/e-filing/complianceServices/MSC-3.html,https://www.mca.gov.in/content/mca/global/en/mca/e-filing/complianceServices/MSC-3.html,200,8000,REDIRECT_TO_LOGIN
/content/mca/global/en/mca/e-filing/complianceServices/MSME.html,https://www.mca.gov.in/content/mca/global/en/mca/e-filing/complianceServices/MSME.html,https://www.mca.gov.in/content/mca/global/en/mca/e-filing/complianceServices/MSME.html,200,8000,REDIRECT_TO_LOGIN
/content/mca/global/en/mca/e-filing/complianceServices/pas-3.html,https://www.mca.gov.in/content/mca/global/en/mca/e-filing/complianceServices/pas-3.html,https://www.mca.gov.in/content/mca/global/en/mca/e-filing/complianceServices/pas-3.html,200,8000,REDIRECT_TO_LOGIN
/content/mca/global/en/mca/e-filing/complianceServices/PAS-6.html,https://www.mca.gov.in/content/mca/global/en/mca/e-filing/complianceServices/PAS-6.html,https://www.mca.gov.in/content/mca/global/en/mca/e-filing/complianceServices/PAS-6.html,200,8000,REDIRECT_TO_LOGIN
/content/mca/global/en/mca/e-filing/complianceServices/SH-11.html,https://www.mca.gov.in/content/mca/global/en/mca/e-filing/complianceServices/SH-11.html,https://www.mca.gov.in/content/mca/global/en/mca/e-filing/complianceServices/SH-11.html,200,8000,REDIRECT_TO_LOGIN
/content/mca/global/en/mca/e-filing/complianceServices/GNL-2.html,https://www.mca.gov.in/content/mca/global/en/mca/e-filing/complianceServices/GNL-2.html,https://www.mca.gov.in/content/mca/global/en/mca/e-filing/complianceServices/GNL-2.html,200,8000,REDIRECT_TO_LOGIN
/content/mca/global/en/mca/e-filing/complianceServices/GNL-3.html,https://www.mca.gov.in/content/mca/global/en/mca/e-filing/complianceServices/GNL-3.html,https://www.mca.gov.in/content/mca/global/en/mca/e-filing/complianceServices/GNL-3.html,200,8000,REDIRECT_TO_LOGIN
/content/mca/global/en/mca/e-filing/complianceServices/Form-MGT-6.html,https://www.mca.gov.in/content/mca/global/en/mca/e-filing/complianceServices/Form-MGT-6.html,https://www.mca.gov.in/content/mca/global/en/mca/e-filing/complianceServices/Form-MGT-6.html,200,8000,REDIRECT_TO_LOGIN
/content/mca/global/en/mca/e-filing/complianceServices/SH-8.html,https://www.mca.gov.in/content/mca/global/en/mca/e-filing/complianceServices/SH-8.html,https://www.mca.gov.in/content/mca/global/en/mca/e-filing/complianceServices/SH-8.html,200,8000,REDIRECT_TO_LOGIN
/content/mca/global/en/mca/e-filing/complianceServices/SH-9.html,https://www.mca.gov.in/content/mca/global/en/mca/e-filing/complianceServices/SH-9.html,https://www.mca.gov.in/content/mca/global/en/mca/e-filing/complianceServices/SH-9.html,200,8000,REDIRECT_TO_LOGIN
/content/mca/global/en/mca/e-filing/complianceServices/leap-1.html,https://www.mca.gov.in/content/mca/global/en/mca/e-filing/complianceServices/leap-1.html,https://www.mca.gov.in/content/mca/global/en/mca/e-filing/complianceServices/leap-1.html,200,8000,REDIRECT_TO_LOGIN
/content/mca/global/en/mca/e-filing/complianceServices/PAS-7.html,https://www.mca.gov.in/content/mca/global/en/mca/e-filing/complianceServices/PAS-7.html,https://www.mca.gov.in/content/mca/global/en/mca/e-filing/complianceServices/PAS-7.html,200,8000,REDIRECT_TO_LOGIN
/content/mca/global/en/mca/e-filing/approval-services-roc-rd-hq.html,https://www.mca.gov.in/content/mca/global/en/mca/e-filing/approval-services-roc-rd-hq.html,https://www.mca.gov.in/content/mca/global/en/mca/e-filing/approval-services-roc-rd-hq.html,200,8000,REDIRECT_TO_LOGIN
/content/mca/global/en/mca/e-filing/approval-services-roc-rd-hq/INC-23.html,https://www.mca.gov.in/content/mca/global/en/mca/e-filing/approval-services-roc-rd-hq/INC-23.html,https://www.mca.gov.in/content/mca/global/en/mca/e-filing/approval-services-roc-rd-hq/INC-23.html,200,8000,REDIRECT_TO_LOGIN
/content/mca/global/en/mca/e-filing/approval-services-roc-rd-hq/form-inc18.html,https://www.mca.gov.in/content/mca/global/en/mca/e-filing/approval-services-roc-rd-hq/form-inc18.html,https://www.mca.gov.in/content/mca/global/en/mca/e-filing/approval-services-roc-rd-hq/form-inc18.html,200,8000,REDIRECT_TO_LOGIN
/content/mca/global/en/mca/e-filing/approval-services-roc-rd-hq/ADT-2.html,https://www.mca.gov.in/content/mca/global/en/mca/e-filing/approval-services-roc-rd-hq/ADT-2.html,https://www.mca.gov.in/content/mca/global/en/mca/e-filing/approval-services-roc-rd-hq/ADT-2.html,200,8000,REDIRECT_TO_LOGIN
/content/mca/global/en/mca/e-filing/approval-services-roc-rd-hq/form-rd-1.html,https://www.mca.gov.in/content/mca/global/en/mca/e-filing/approval-services-roc-rd-hq/form-rd-1.html,https://www.mca.gov.in/content/mca/global/en/mca/e-filing/approval-services-roc-rd-hq/form-rd-1.html,200,8000,REDIRECT_TO_LOGIN
/content/mca/global/en/mca/e-filing/approval-services-roc-rd-hq/form-adj.html,https://www.mca.gov.in/content/mca/global/en/mca/e-filing/approval-services-roc-rd-hq/form-adj.html,https://www.mca.gov.in/content/mca/global/en/mca/e-filing/approval-services-roc-rd-hq/form-adj.html,200,8000,REDIRECT_TO_LOGIN
/content/mca/global/en/mca/e-filing/approval-services-roc-rd-hq/INC24.html,https://www.mca.gov.in/content/mca/global/en/mca/e-filing/approval-services-roc-rd-hq/INC24.html,https://www.mca.gov.in/content/mca/global/en/mca/e-filing/approval-services-roc-rd-hq/INC24.html,200,8000,REDIRECT_TO_LOGIN
/content/mca/global/en/mca/e-filing/approval-services-roc-rd-hq/form-inc12.html,https://www.mca.gov.in/content/mca/global/en/mca/e-filing/approval-services-roc-rd-hq/form-inc12.html,https://www.mca.gov.in/content/mca/global/en/mca/e-filing/approval-services-roc-rd-hq/form-inc12.html,200,8000,REDIRECT_TO_LOGIN
/content/mca/global/en/mca/e-filing/approval-services-roc-rd-hq/msc-1.html,https://www.mca.gov.in/content/mca/global/en/mca/e-filing/approval-services-roc-rd-hq/msc-1.html,https://www.mca.gov.in/content/mca/global/en/mca/e-filing/approval-services-roc-rd-hq/msc-1.html,200,8000,REDIRECT_TO_LOGIN
/content/mca/global/en/mca/e-filing/approval-services-roc-rd-hq/msc-4.html,https://www.mca.gov.in/content/mca/global/en/mca/e-filing/approval-services-roc-rd-hq/msc-4.html,https://www.mca.gov.in/content/mca/global/en/mca/e-filing/approval-services-roc-rd-hq/msc-4.html,200,8000,REDIRECT_TO_LOGIN
/content/mca/global/en/mca/e-filing/approval-services-roc-rd-hq/STK-2.html,https://www.mca.gov.in/content/mca/global/en/mca/e-filing/approval-services-roc-rd-hq/STK-2.html,https://www.mca.gov.in/content/mca/global/en/mca/e-filing/approval-services-roc-rd-hq/STK-2.html,200,8000,REDIRECT_TO_LOGIN
/content/mca/global/en/mca/e-filing/approval-services-roc-rd-hq/GNL-1.html,https://www.mca.gov.in/content/mca/global/en/mca/e-filing/approval-services-roc-rd-hq/GNL-1.html,https://www.mca.gov.in/content/mca/global/en/mca/e-filing/approval-services-roc-rd-hq/GNL-1.html,200,8000,REDIRECT_TO_LOGIN
/content/mca/global/en/mca/e-filing/approval-services-roc-rd-hq/MR-2.html,https://www.mca.gov.in/content/mca/global/en/mca/e-filing/approval-services-roc-rd-hq/MR-2.html,https://www.mca.gov.in/content/mca/global/en/mca/e-filing/approval-services-roc-rd-hq/MR-2.html,200,8000,REDIRECT_TO_LOGIN
/content/mca/global/en/mca/e-filing/approval-services-roc-rd-hq/form-adt4.html,https://www.mca.gov.in/content/mca/global/en/mca/e-filing/approval-services-roc-rd-hq/form-adt4.html,https://www.mca.gov.in/content/mca/global/en/mca/e-filing/approval-services-roc-rd-hq/form-adt4.html,200,8000,REDIRECT_TO_LOGIN
/content/mca/global/en/mca/e-filing/approval-services-roc-rd-hq/form-cra2.html,https://www.mca.gov.in/content/mca/global/en/mca/e-filing/approval-services-roc-rd-hq/form-cra2.html,https://www.mca.gov.in/content/mca/global/en/mca/e-filing/approval-services-roc-rd-hq/form-cra2.html,200,8000,REDIRECT_TO_LOGIN
/content/mca/global/en/mca/e-filing/approval-services-roc-rd-hq/change-request.html,https://www.mca.gov.in/content/mca/global/en/mca/e-filing/approval-services-roc-rd-hq/change-request.html,https://www.mca.gov.in/content/mca/global/en/mca/e-filing/approval-services-roc-rd-hq/change-request.html,200,8000,REDIRECT_TO_LOGIN
/content/mca/global/en/mca/e-filing/annual-filings.html,https://www.mca.gov.in/content/mca/global/en/mca/e-filing/annual-filings.html,https://www.mca.gov.in/content/mca/global/en/mca/e-filing/annual-filings.html,200,8000,REDIRECT_TO_LOGIN
/content/mca/global/en/mca/e-filing/annual-filings/form-cra-4.html,https://www.mca.gov.in/content/mca/global/en/mca/e-filing/annual-filings/form-cra-4.html,https://www.mca.gov.in/content/mca/global/en/mca/e-filing/annual-filings/form-cra-4.html,200,8000,REDIRECT_TO_LOGIN
/content/mca/global/en/mca/e-filing/annual-filings/form-aoc4.html,https://www.mca.gov.in/content/mca/global/en/mca/e-filing/annual-filings/form-aoc4.html,https://www.mca.gov.in/content/mca/global/en/mca/e-filing/annual-filings/form-aoc4.html,200,8000,REDIRECT_TO_LOGIN
/content/mca/global/en/mca/e-filing/annual-filings/form-aoc4-offline.html,https://www.mca.gov.in/content/mca/global/en/mca/e-filing/annual-filings/form-aoc4-offline.html,https://www.mca.gov.in/content/mca/global/en/mca/e-filing/annual-filings/form-aoc4-offline.html,200,8000,REDIRECT_TO_LOGIN
/content/mca/global/en/mca/e-filing/annual-filings/CSR-2.html,https://www.mca.gov.in/content/mca/global/en/mca/e-filing/annual-filings/CSR-2.html,https://www.mca.gov.in/content/mca/global/en/mca/e-filing/annual-filings/CSR-2.html,200,8000,REDIRECT_TO_LOGIN
/content/mca/global/en/mca/e-filing/annual-filings/form-aoc4cfs.html,https://www.mca.gov.in/content/mca/global/en/mca/e-filing/annual-filings/form-aoc4cfs.html,https://www.mca.gov.in/content/mca/global/en/mca/e-filing/annual-filings/form-aoc4cfs.html,200,8000,REDIRECT_TO_LOGIN
/content/mca/global/en/mca/e-filing/annual-filings/form-aoc4cfs-offline.html,https://www.mca.gov.in/content/mca/global/en/mca/e-filing/annual-filings/form-aoc4cfs-offline.html,https://www.mca.gov.in/content/mca/global/en/mca/e-filing/annual-filings/form-aoc4cfs-offline.html,200,8000,REDIRECT_TO_LOGIN
/content/mca/global/en/mca/e-filing/annual-filings/form-aoc4nbfc.html,https://www.mca.gov.in/content/mca/global/en/mca/e-filing/annual-filings/form-aoc4nbfc.html,https://www.mca.gov.in/content/mca/global/en/mca/e-filing/annual-filings/form-aoc4nbfc.html,200,8000,REDIRECT_TO_LOGIN
/content/mca/global/en/mca/e-filing/annual-filings/form-aoc4nbfc-offline.html,https://www.mca.gov.in/content/mca/global/en/mca/e-filing/annual-filings/form-aoc4nbfc-offline.html,https://www.mca.gov.in/content/mca/global/en/mca/e-filing/annual-filings/form-aoc4nbfc-offline.html,200,8000,REDIRECT_TO_LOGIN
/content/mca/global/en/mca/e-filing/annual-filings/aoc-4-xbrl.html,https://www.mca.gov.in/content/mca/global/en/mca/e-filing/annual-filings/aoc-4-xbrl.html,https://www.mca.gov.in/content/mca/global/en/mca/e-filing/annual-filings/aoc-4-xbrl.html,200,8000,REDIRECT_TO_LOGIN
/content/mca/global/en/mca/e-filing/annual-filings/AOC-5.html,https://www.mca.gov.in/content/mca/global/en/mca/e-filing/annual-filings/AOC-5.html,https://www.mca.gov.in/content/mca/global/en/mca/e-filing/annual-filings/AOC-5.html,200,8000,REDIRECT_TO_LOGIN
/content/mca/global/en/mca/e-filing/annual-filings/form-aoc4cfsnbfc.html,https://www.mca.gov.in/content/mca/global/en/mca/e-filing/annual-filings/form-aoc4cfsnbfc.html,https://www.mca.gov.in/content/mca/global/en/mca/e-filing/annual-filings/form-aoc4cfsnbfc.html,200,8000,REDIRECT_TO_LOGIN
/content/mca/global/en/mca/e-filing/annual-filings/form-aoc4cfsnbfc-offline.html,https://www.mca.gov.in/content/mca/global/en/mca/e-filing/annual-filings/form-aoc4cfsnbfc-offline.html,https://www.mca.gov.in/content/mca/global/en/mca/e-filing/annual-filings/form-aoc4cfsnbfc-offline.html,200,8000,REDIRECT_TO_LOGIN
/content/mca/global/en/mca/e-filing/annual-filings/form-mgt7.html,https://www.mca.gov.in/content/mca/global/en/mca/e-filing/annual-filings/form-mgt7.html,https://www.mca.gov.in/content/mca/global/en/mca/e-filing/annual-filings/form-mgt7.html,200,8000,REDIRECT_TO_LOGIN
/content/mca/global/en/mca/e-filing/annual-filings/form-mgt7-offline.html,https://www.mca.gov.in/content/mca/global/en/mca/e-filing/annual-filings/form-mgt7-offline.html,https://www.mca.gov.in/content/mca/global/en/mca/e-filing/annual-filings/form-mgt7-offline.html,200,8000,REDIRECT_TO_LOGIN
/content/mca/global/en/mca/e-filing/annual-filings/form-mgt7a.html,https://www.mca.gov.in/content/mca/global/en/mca/e-filing/annual-filings/form-mgt7a.html,https://www.mca.gov.in/content/mca/global/en/mca/e-filing/annual-filings/form-mgt7a.html,200,8000,REDIRECT_TO_LOGIN
/content/mca/global/en/mca/e-filing/annual-filings/form-mgt7a-offline.html,https://www.mca.gov.in/content/mca/global/en/mca/e-filing/annual-filings/form-mgt7a-offline.html,https://www.mca.gov.in/content/mca/global/en/mca/e-filing/annual-filings/form-mgt7a-offline.html,200,8000,REDIRECT_TO_LOGIN
/content/mca/global/en/mca/e-filing/annual-filings/form-mgt15.html,https://www.mca.gov.in/content/mca/global/en/mca/e-filing/annual-filings/form-mgt15.html,https://www.mca.gov.in/content/mca/global/en/mca/e-filing/annual-filings/form-mgt15.html,200,8000,REDIRECT_TO_LOGIN
/content/mca/global/en/mca/e-filing/foreigncompany-deposits-and-Nidhi-services.html,https://www.mca.gov.in/content/mca/global/en/mca/e-filing/foreigncompany-deposits-and-Nidhi-services.html,https://www.mca.gov.in/content/mca/global/en/mca/e-filing/foreigncompany-deposits-and-Nidhi-services.html,200,8000,REDIRECT_TO_LOGIN
/content/mca/global/en/mca/e-filing/foreigncompany-deposits-and-Nidhi-services/DPT-3.html,https://www.mca.gov.in/content/mca/global/en/mca/e-filing/foreigncompany-deposits-and-Nidhi-services/DPT-3.html,https://www.mca.gov.in/content/mca/global/en/mca/e-filing/foreigncompany-deposits-and-Nidhi-services/DPT-3.html,200,8000,REDIRECT_TO_LOGIN
/content/mca/global/en/mca/e-filing/foreigncompany-deposits-and-Nidhi-services/DPT-4.html,https://www.mca.gov.in/content/mca/global/en/mca/e-filing/foreigncompany-deposits-and-Nidhi-services/DPT-4.html,https://www.mca.gov.in/content/mca/global/en/mca/e-filing/foreigncompany-deposits-and-Nidhi-services/DPT-4.html,200,8000,REDIRECT_TO_LOGIN
/content/mca/global/en/mca/e-filing/foreigncompany-deposits-and-Nidhi-services/form-ndh1.html,https://www.mca.gov.in/content/mca/global/en/mca/e-filing/foreigncompany-deposits-and-Nidhi-services/form-ndh1.html,https://www.mca.gov.in/content/mca/global/en/mca/e-filing/foreigncompany-deposits-and-Nidhi-services/form-ndh1.html,200,8000,REDIRECT_TO_LOGIN
/content/mca/global/en/mca/e-filing/foreigncompany-deposits-and-Nidhi-services/form-ndh2.html,https://www.mca.gov.in/content/mca/global/en/mca/e-filing/foreigncompany-deposits-and-Nidhi-services/form-ndh2.html,https://www.mca.gov.in/content/mca/global/en/mca/e-filing/foreigncompany-deposits-and-Nidhi-services/form-ndh2.html,200,8000,REDIRECT_TO_LOGIN
/content/mca/global/en/mca/e-filing/foreigncompany-deposits-and-Nidhi-services/form-ndh3.html,https://www.mca.gov.in/content/mca/global/en/mca/e-filing/foreigncompany-deposits-and-Nidhi-services/form-ndh3.html,https://www.mca.gov.in/content/mca/global/en/mca/e-filing/foreigncompany-deposits-and-Nidhi-services/form-ndh3.html,200,8000,REDIRECT_TO_LOGIN
/content/mca/global/en/mca/e-filing/foreigncompany-deposits-and-Nidhi-services/ndh-4-.html,https://www.mca.gov.in/content/mca/global/en/mca/e-filing/foreigncompany-deposits-and-Nidhi-services/ndh-4-.html,https://www.mca.gov.in/content/mca/global/en/mca/e-filing/foreigncompany-deposits-and-Nidhi-services/ndh-4-.html,200,8000,REDIRECT_TO_LOGIN
/content/mca/global/en/mca/e-filing/foreigncompany-deposits-and-Nidhi-services/FormFC1.html,https://www.mca.gov.in/content/mca/global/en/mca/e-filing/foreigncompany-deposits-and-Nidhi-services/FormFC1.html,https://www.mca.gov.in/content/mca/global/en/mca/e-filing/foreigncompany-deposits-and-Nidhi-services/FormFC1.html,200,8000,REDIRECT_TO_LOGIN
/content/mca/global/en/mca/e-filing/foreigncompany-deposits-and-Nidhi-services/FC-2-Alteration-in-the-documents-of-foreign-company.html,https://www.mca.gov.in/content/mca/global/en/mca/e-filing/foreigncompany-deposits-and-Nidhi-services/FC-2-Alteration-in-the-documents-of-foreign-company.html,https://www.mca.gov.in/content/mca/global/en/mca/e-filing/foreigncompany-deposits-and-Nidhi-services/FC-2-Alteration-in-the-documents-of-foreign-company.html,200,8000,REDIRECT_TO_LOGIN
/content/mca/global/en/mca/e-filing/foreigncompany-deposits-and-Nidhi-services/FC-3.html,https://www.mca.gov.in/content/mca/global/en/mca/e-filing/foreigncompany-deposits-and-Nidhi-services/FC-3.html,https://www.mca.gov.in/content/mca/global/en/mca/e-filing/foreigncompany-deposits-and-Nidhi-services/FC-3.html,200,8000,REDIRECT_TO_LOGIN
/content/mca/global/en/mca/e-filing/foreigncompany-deposits-and-Nidhi-services/FC-4.html,https://www.mca.gov.in/content/mca/global/en/mca/e-filing/foreigncompany-deposits-and-Nidhi-services/FC-4.html,https://www.mca.gov.in/content/mca/global/en/mca/e-filing/foreigncompany-deposits-and-Nidhi-services/FC-4.html,200,8000,REDIRECT_TO_LOGIN
/content/mca/global/en/mca/e-filing/companies-act-1956-forms.html,https://www.mca.gov.in/content/mca/global/en/mca/e-filing/companies-act-1956-forms.html,https://www.mca.gov.in/content/mca/global/en/mca/e-filing/companies-act-1956-forms.html,200,8000,REDIRECT_TO_LOGIN
/content/mca/global/en/mca/e-filing/companies-act-1956-forms/form-20b.html,https://www.mca.gov.in/content/mca/global/en/mca/e-filing/companies-act-1956-forms/form-20b.html,https://www.mca.gov.in/content/mca/global/en/mca/e-filing/companies-act-1956-forms/form-20b.html,200,8000,REDIRECT_TO_LOGIN
/content/mca/global/en/mca/e-filing/companies-act-1956-forms/form-21a.html,https://www.mca.gov.in/content/mca/global/en/mca/e-filing/companies-act-1956-forms/form-21a.html,https://www.mca.gov.in/content/mca/global/en/mca/e-filing/companies-act-1956-forms/form-21a.html,200,8000,REDIRECT_TO_LOGIN
/content/mca/global/en/mca/e-filing/companies-act-1956-forms/form-23ac.html,https://www.mca.gov.in/content/mca/global/en/mca/e-filing/companies-act-1956-forms/form-23ac.html,https://www.mca.gov.in/content/mca/global/en/mca/e-filing/companies-act-1956-forms/form-23ac.html,200,8000,REDIRECT_TO_LOGIN
/content/mca/global/en/mca/e-filing/companies-act-1956-forms/form-23ac-xbrl.html,https://www.mca.gov.in/content/mca/global/en/mca/e-filing/companies-act-1956-forms/form-23ac-xbrl.html,https://www.mca.gov.in/content/mca/global/en/mca/e-filing/companies-act-1956-forms/form-23ac-xbrl.html,200,8000,REDIRECT_TO_LOGIN
/content/mca/global/en/mca/e-filing/companies-act-1956-forms/form-23b.html,https://www.mca.gov.in/content/mca/global/en/mca/e-filing/companies-act-1956-forms/form-23b.html,https://www.mca.gov.in/content/mca/global/en/mca/e-filing/companies-act-1956-forms/form-23b.html,200,8000,REDIRECT_TO_LOGIN
/content/mca/global/en/mca/e-filing/companies-act-1956-forms/form-23c.html,https://www.mca.gov.in/content/mca/global/en/mca/e-filing/companies-act-1956-forms/form-23c.html,https://www.mca.gov.in/content/mca/global/en/mca/e-filing/companies-act-1956-forms/form-23c.html,200,8000,REDIRECT_TO_LOGIN
/content/mca/global/en/mca/e-filing/companies-act-1956-forms/form-23d.html,https://www.mca.gov.in/content/mca/global/en/mca/e-filing/companies-act-1956-forms/form-23d.html,https://www.mca.gov.in/content/mca/global/en/mca/e-filing/companies-act-1956-forms/form-23d.html,200,8000,REDIRECT_TO_LOGIN
/content/mca/global/en/mca/e-filing/companies-act-1956-forms/form-a-xbrl.html,https://www.mca.gov.in/content/mca/global/en/mca/e-filing/companies-act-1956-forms/form-a-xbrl.html,https://www.mca.gov.in/content/mca/global/en/mca/e-filing/companies-act-1956-forms/form-a-xbrl.html,200,8000,REDIRECT_TO_LOGIN
/content/mca/global/en/mca/e-filing/companies-act-1956-forms/form-66.html,https://www.mca.gov.in/content/mca/global/en/mca/e-filing/companies-act-1956-forms/form-66.html,https://www.mca.gov.in/content/mca/global/en/mca/e-filing/companies-act-1956-forms/form-66.html,200,8000,REDIRECT_TO_LOGIN
/content/mca/global/en/mca/e-filing/companies-act-1956-forms/form-i-xbrl.html,https://www.mca.gov.in/content/mca/global/en/mca/e-filing/companies-act-1956-forms/form-i-xbrl.html,https://www.mca.gov.in/content/mca/global/en/mca/e-filing/companies-act-1956-forms/form-i-xbrl.html,200,8000,REDIRECT_TO_LOGIN
/content/mca/global/en/mca/complaints.html,https://www.mca.gov.in/content/mca/global/en/mca/complaints.html,https://www.mca.gov.in/content/mca/global/en/mca/complaints.html,200,15000,ACCESSIBLE
/content/mca/global/en/mca/complaints/create-service-related-complaint.html,https://www.mca.gov.in/content/mca/global/en/mca/complaints/create-service-related-complaint.html,https://www.mca.gov.in/content/mca/global/en/mca/complaints/create-service-related-complaint.html,200,15000,ACCESSIBLE
/content/mca/global/en/mca/complaints/track-service-related-complaint.html,https://www.mca.gov.in/content/mca/global/en/mca/complaints/track-service-related-complaint.html,https://www.mca.gov.in/content/mca/global/en/mca/complaints/track-service-related-complaint.html,200,15000,ACCESSIBLE
/content/mca/global/en/mca/complaints/feedback-suggestions.html,https://www.mca.gov.in/content/mca/global/en/mca/complaints/feedback-suggestions.html,https://www.mca.gov.in/content/mca/global/en/mca/complaints/feedback-suggestions.html,200,15000,ACCESSIBLE
/content/mca/global/en/mca/document-related-services.html,https://www.mca.gov.in/content/mca/global/en/mca/document-related-services.html,https://www.mca.gov.in/content/mca/global/en/mca/document-related-services.html,200,15000,ACCESSIBLE
/content/mca/global/en/mca/document-related-services/view-public-documents-v3.html,https://www.mca.gov.in/content/mca/global/en/mca/document-related-services/view-public-documents-v3.html,https://www.mca.gov.in/content/mca/global/en/mca/document-related-services/view-public-documents-v3.html,200,15000,ACCESSIBLE
/content/mca/global/en/mca/document-related-services/view-public-documents-v3/view-public-documents.html,https://www.mca.gov.in/content/mca/global/en/mca/document-related-services/view-public-documents-v3/view-public-documents.html,https://www.mca.gov.in/content/mca/global/en/mca/document-related-services/view-public-documents-v3/view-public-documents.html,200,15000,ACCESSIBLE
/content/mca/global/en/mca/document-related-services/view-public-documents-v3/mycart.html,https://www.mca.gov.in/content/mca/global/en/mca/document-related-services/view-public-documents-v3/mycart.html,https://www.mca.gov.in/content/mca/global/en/mca/document-related-services/view-public-documents-v3/mycart.html,200,15000,ACCESSIBLE
/content/mca/global/en/mca/document-related-services/view-public-documents-v3/workspace.html,https://www.mca.gov.in/content/mca/global/en/mca/document-related-services/view-public-documents-v3/workspace.html,https://www.mca.gov.in/content/mca/global/en/mca/document-related-services/view-public-documents-v3/workspace.html,200,15000,ACCESSIBLE
/content/mca/global/en/mca/document-related-services/get-certified-copies-v3.html,https://www.mca.gov.in/content/mca/global/en/mca/document-related-services/get-certified-copies-v3.html,https://www.mca.gov.in/content/mca/global/en/mca/document-related-services/get-certified-copies-v3.html,200,15000,ACCESSIBLE
/content/mca/global/en/mca/document-related-services/get-certified-copies-v3/my-cart-gcc.html,https://www.mca.gov.in/content/mca/global/en/mca/document-related-services/get-certified-copies-v3/my-cart-gcc.html,https://www.mca.gov.in/content/mca/global/en/mca/document-related-services/get-certified-copies-v3/my-cart-gcc.html,200,15000,ACCESSIBLE
/content/mca/global/en/mca/document-related-services/get-certified-copies-v3/my-workspace-gcc.html,https://www.mca.gov.in/content/mca/global/en/mca/document-related-services/get-certified-copies-v3/my-workspace-gcc.html,https://www.mca.gov.in/content/mca/global/en/mca/document-related-services/get-certified-copies-v3/my-workspace-gcc.html,200,15000,ACCESSIBLE
/content/mca/global/en/mca/document-related-services/request-for-scanned-documents-v3.html,https://www.mca.gov.in/content/mca/global/en/mca/document-related-services/request-for-scanned-documents-v3.html,https://www.mca.gov.in/content/mca/global/en/mca/document-related-services/request-for-scanned-documents-v3.html,200,15000,ACCESSIBLE
/content/mca/global/en/mca/fee-and-payment-services.html,https://www.mca.gov.in/content/mca/global/en/mca/fee-and-payment-services.html,https://www.mca.gov.in/content/mca/global/en/mca/fee-and-payment-services.html,200,15000,ACCESSIBLE
/content/mca/global/en/mca/fee-and-payment-services/pay-miscellaneous-fee.html,https://www.mca.gov.in/content/mca/global/en/mca/fee-and-payment-services/pay-miscellaneous-fee.html,https://www.mca.gov.in/content/mca/global/en/mca/fee-and-payment-services/pay-miscellaneous-fee.html,200,15000,ACCESSIBLE
/content/mca/global/en/mca/fee-and-payment-services/pay-stamp-duty.html,https://www.mca.gov.in/content/mca/global/en/mca/fee-and-payment-services/pay-stamp-duty.html,https://www.mca.gov.in/content/mca/global/en/mca/fee-and-payment-services/pay-stamp-duty.html,200,15000,ACCESSIBLE
/content/mca/global/en/mca/fee-and-payment-services/track-payment-status.html,https://www.mca.gov.in/content/mca/global/en/mca/fee-and-payment-services/track-payment-status.html,https://www.mca.gov.in/content/mca/global/en/mca/fee-and-payment-services/track-payment-status.html,200,15000,ACCESSIBLE
/content/mca/global/en/mca/iepf-related-services.html,https://www.mca.gov.in/content/mca/global/en/mca/iepf-related-services.html,https://www.mca.gov.in/content/mca/global/en/mca/iepf-related-services.html,200,15000,ACCESSIBLE
/content/mca/global/en/mca/iepf-related-services/IEPF-1.html,https://www.mca.gov.in/content/mca/global/en/mca/iepf-related-services/IEPF-1.html,https://www.mca.gov.in/content/mca/global/en/mca/iepf-related-services/IEPF-1.html,200,15000,ACCESSIBLE
/content/mca/global/en/mca/iepf-related-services/IEPF-1A.html,https://www.mca.gov.in/content/mca/global/en/mca/iepf-related-services/IEPF-1A.html,https://www.mca.gov.in/content/mca/global/en/mca/iepf-related-services/IEPF-1A.html,200,15000,ACCESSIBLE
/content/mca/global/en/mca/iepf-related-services/IEPF-2.html,https://www.mca.gov.in/content/mca/global/en/mca/iepf-related-services/IEPF-2.html,https://www.mca.gov.in/content/mca/global/en/mca/iepf-related-services/IEPF-2.html,200,15000,ACCESSIBLE
/content/mca/global/en/mca/iepf-related-services/IEPF-4.html,https://www.mca.gov.in/content/mca/global/en/mca/iepf-related-services/IEPF-4.html,https://www.mca.gov.in/content/mca/global/en/mca/iepf-related-services/IEPF-4.html,200,15000,ACCESSIBLE
/content/mca/global/en/mca/iepf-related-services/IEPF-5.html,https://www.mca.gov.in/content/mca/global/en/mca/iepf-related-services/IEPF-5.html,https://www.mca.gov.in/content/mca/global/en/mca/iepf-related-services/IEPF-5.html,200,15000,ACCESSIBLE
/content/mca/global/en/mca/iepf-related-services/search-unclaimed-unpaid-amount-shares.html,https://www.mca.gov.in/content/mca/global/en/mca/iepf-related-services/search-unclaimed-unpaid-amount-shares.html,https://www.mca.gov.in/content/mca/global/en/mca/iepf-related-services/search-unclaimed-unpaid-amount-shares.html,200,15000,ACCESSIBLE
/content/mca/global/en/mca/iepf-related-services/details-of-nodal-officer-and-deputy-nodal-officer.html,https://www.mca.gov.in/content/mca/global/en/mca/iepf-related-services/details-of-nodal-officer-and-deputy-nodal-officer.html,https://www.mca.gov.in/content/mca/global/en/mca/iepf-related-services/details-of-nodal-officer-and-deputy-nodal-officer.html,200,15000,ACCESSIBLE
/content/mca/global/en/mca/id-databank-services.html,https://www.mca.gov.in/content/mca/global/en/mca/id-databank-services.html,https://www.mca.gov.in/content/mca/global/en/mca/id-databank-services.html,200,15000,ACCESSIBLE
/content/mca/global/en/mca/id-databank-services/corporate-registration-v3-new.html,https://www.mca.gov.in/content/mca/global/en/mca/id-databank-services/corporate-registration-v3-new.html,https://www.mca.gov.in/content/mca/global/en/mca/id-databank-services/corporate-registration-v3-new.html,200,15000,ACCESSIBLE
/content/mca/global/en/mca/id-databank-services/individual-registration-v3-new.html,https://www.mca.gov.in/content/mca/global/en/mca/id-databank-services/individual-registration-v3-new.html,https://www.mca.gov.in/content/mca/global/en/mca/id-databank-services/individual-registration-v3-new.html,200,15000,ACCESSIBLE
/content/mca/global/en/mca/address-for-sending-physical-copy-of-gar-33.html,https://www.mca.gov.in/content/mca/global/en/mca/address-for-sending-physical-copy-of-gar-33.html,https://www.mca.gov.in/content/mca/global/en/mca/address-for-sending-physical-copy-of-gar-33.html,200,15000,ACCESSIBLE
https://tmrsearch.ipindia.gov.in/tmrpublicsearch/frmmain.aspx,https://tmrsearch.ipindia.gov.in/tmrpublicsearch/frmmain.aspx,https://tmrsearch.ipindia.gov.in/tmrpublicsearch/frmmain.aspx,200,15000,ACCESSIBLE
https://esahajmcaservices.nic.in/,https://esahajmcaservices.nic.in/,https://esahajmcaservices.nic.in/,200,15000,ACCESSIBLE
/content/mca/global/en/additional-services.html,https://www.mca.gov.in/content/mca/global/en/additional-services.html,https://www.mca.gov.in/content/mca/global/en/additional-services.html,200,15000,ACCESSIBLE
/content/mca/global/en/additional-services/Enforcement.html,https://www.mca.gov.in/content/mca/global/en/additional-services/Enforcement.html,https://www.mca.gov.in/content/mca/global/en/additional-services/Enforcement.html,200,15000,ACCESSIBLE
/content/mca/global/en/additional-services/E-adjudication.html,https://www.mca.gov.in/content/mca/global/en/additional-services/E-adjudication.html,https://www.mca.gov.in/content/mca/global/en/additional-services/E-adjudication.html,200,15000,ACCESSIBLE
/content/mca/global/en/additional-services/appeal.html,https://www.mca.gov.in/content/mca/global/en/additional-services/appeal.html,https://www.mca.gov.in/content/mca/global/en/additional-services/appeal.html,200,15000,ACCESSIBLE
/content/mca/global/en/additional-services/econsultation.html,https://www.mca.gov.in/content/mca/global/en/additional-services/econsultation.html,https://www.mca.gov.in/content/mca/global/en/additional-services/econsultation.html,200,15000,ACCESSIBLE
/content/mca/global/en/data-and-reports.html,https://www.mca.gov.in/content/mca/global/en/data-and-reports.html,https://www.mca.gov.in/content/mca/global/en/data-and-reports.html,200,15000,ACCESSIBLE
/content/mca/global/en/data-and-reports/reports.html,https://www.mca.gov.in/content/mca/global/en/data-and-reports/reports.html,https://www.mca.gov.in/content/mca/global/en/data-and-reports/reports.html,200,15000,ACCESSIBLE
/content/mca/global/en/data-and-reports/reports/annual-reports.html,https://www.mca.gov.in/content/mca/global/en/data-and-reports/reports/annual-reports.html,https://www.mca.gov.in/content/mca/global/en/data-and-reports/reports/annual-reports.html,200,15000,ACCESSIBLE
/content/mca/global/en/data-and-reports/reports/annual-reports/annual-report.html,https://www.mca.gov.in/content/mca/global/en/data-and-reports/reports/annual-reports/annual-report.html,https://www.mca.gov.in/content/mca/global/en/data-and-reports/reports/annual-reports/annual-report.html,200,15000,ACCESSIBLE
/content/mca/global/en/data-and-reports/reports/annual-reports/companies-2013.html,https://www.mca.gov.in/content/mca/global/en/data-and-reports/reports/annual-reports/companies-2013.html,https://www.mca.gov.in/content/mca/global/en/data-and-reports/reports/annual-reports/companies-2013.html,200,15000,ACCESSIBLE
/content/mca/global/en/data-and-reports/reports/annual-reports/companies-1956.html,https://www.mca.gov.in/content/mca/global/en/data-and-reports/reports/annual-reports/companies-1956.html,https://www.mca.gov.in/content/mca/global/en/data-and-reports/reports/annual-reports/companies-1956.html,200,15000,ACCESSIBLE
/content/mca/global/en/data-and-reports/reports/monthly-information-bulletin.html,https://www.mca.gov.in/content/mca/global/en/data-and-reports/reports/monthly-information-bulletin.html,https://www.mca.gov.in/content/mca/global/en/data-and-reports/reports/monthly-information-bulletin.html,200,15000,ACCESSIBLE
/content/mca/global/en/data-and-reports/reports/report-company-law.html,https://www.mca.gov.in/content/mca/global/en/data-and-reports/reports/report-company-law.html,https://www.mca.gov.in/content/mca/global/en/data-and-reports/reports/report-company-law.html,200,15000,ACCESSIBLE
/content/mca/global/en/data-and-reports/reports/library.html,https://www.mca.gov.in/content/mca/global/en/data-and-reports/reports/library.html,https://www.mca.gov.in/content/mca/global/en/data-and-reports/reports/library.html,200,15000,ACCESSIBLE
/content/mca/global/en/data-and-reports/reports/miscellaneous.html,https://www.mca.gov.in/content/mca/global/en/data-and-reports/reports/miscellaneous.html,https://www.mca.gov.in/content/mca/global/en/data-and-reports/reports/miscellaneous.html,200,15000,ACCESSIBLE
/content/mca/global/en/data-and-reports/reports/miscellaneous/compendium-on-csr.html,https://www.mca.gov.in/content/mca/global/en/data-and-reports/reports/miscellaneous/compendium-on-csr.html,https://www.mca.gov.in/content/mca/global/en/data-and-reports/reports/miscellaneous/compendium-on-csr.html,200,15000,ACCESSIBLE
/content/mca/global/en/data-and-reports/company-llp-info.html,https://www.mca.gov.in/content/mca/global/en/data-and-reports/company-llp-info.html,https://www.mca.gov.in/content/mca/global/en/data-and-reports/company-llp-info.html,200,15000,ACCESSIBLE
/content/mca/global/en/data-and-reports/company-llp-info/incorporated-closed-month.html,https://www.mca.gov.in/content/mca/global/en/data-and-reports/company-llp-info/incorporated-closed-month.html,https://www.mca.gov.in/content/mca/global/en/data-and-reports/company-llp-info/incorporated-closed-month.html,200,15000,ACCESSIBLE
/content/mca/global/en/data-and-reports/company-llp-info/csr-data-summary.html,https://www.mca.gov.in/content/mca/global/en/data-and-reports/company-llp-info/csr-data-summary.html,https://www.mca.gov.in/content/mca/global/en/data-and-reports/company-llp-info/csr-data-summary.html,200,15000,ACCESSIBLE
/content/mca/global/en/data-and-reports/company-llp-info/puc-range-wise.html,https://www.mca.gov.in/content/mca/global/en/data-and-reports/company-llp-info/puc-range-wise.html,https://www.mca.gov.in/content/mca/global/en/data-and-reports/company-llp-info/puc-range-wise.html,200,15000,ACCESSIBLE
/content/mca/global/en/data-and-reports/company-llp-info/under-alert.html,https://www.mca.gov.in/content/mca/global/en/data-and-reports/company-llp-info/under-alert.html,https://www.mca.gov.in/content/mca/global/en/data-and-reports/company-llp-info/under-alert.html,200,15000,ACCESSIBLE
/content/mca/global/en/data-and-reports/company-llp-info/under-alert/mlm.html,https://www.mca.gov.in/content/mca/global/en/data-and-reports/company-llp-info/under-alert/mlm.html,https://www.mca.gov.in/content/mca/global/en/data-and-reports/company-llp-info/under-alert/mlm.html,200,15000,ACCESSIBLE
/content/mca/global/en/data-and-reports/company-llp-info/under-alert/vanishing-companies.html,https://www.mca.gov.in/content/mca/global/en/data-and-reports/company-llp-info/under-alert/vanishing-companies.html,https://www.mca.gov.in/content/mca/global/en/data-and-reports/company-llp-info/under-alert/vanishing-companies.html,200,15000,ACCESSIBLE
/content/mca/global/en/data-and-reports/company-llp-info/under-alert/disqualified-directors.html,https://www.mca.gov.in/content/mca/global/en/data-and-reports/company-llp-info/under-alert/disqualified-directors.html,https://www.mca.gov.in/content/mca/global/en/data-and-reports/company-llp-info/under-alert/disqualified-directors.html,200,15000,ACCESSIBLE
/content/mca/global/en/data-and-reports/company-llp-info/under-alert/defaulter-companies.html,https://www.mca.gov.in/content/mca/global/en/data-and-reports/company-llp-info/under-alert/defaulter-companies.html,https://www.mca.gov.in/content/mca/global/en/data-and-reports/company-llp-info/under-alert/defaulter-companies.html,200,15000,ACCESSIBLE
/content/mca/global/en/data-and-reports/company-llp-info/under-alert/defaulter-directors.html,https://www.mca.gov.in/content/mca/global/en/data-and-reports/company-llp-info/under-alert/defaulter-directors.html,https://www.mca.gov.in/content/mca/global/en/data-and-reports/company-llp-info/under-alert/defaulter-directors.html,200,15000,ACCESSIBLE
/content/mca/global/en/data-and-reports/company-llp-info/under-alert/defaulter-secretaries.html,https://www.mca.gov.in/content/mca/global/en/data-and-reports/company-llp-info/under-alert/defaulter-secretaries.html,https://www.mca.gov.in/content/mca/global/en/data-and-reports/company-llp-info/under-alert/defaulter-secretaries.html,200,15000,ACCESSIBLE
/content/mca/global/en/data-and-reports/company-llp-info/under-alert/dormant-companies.html,https://www.mca.gov.in/content/mca/global/en/data-and-reports/company-llp-info/under-alert/dormant-companies.html,https://www.mca.gov.in/content/mca/global/en/data-and-reports/company-llp-info/under-alert/dormant-companies.html,200,15000,ACCESSIBLE
/content/mca/global/en/data-and-reports/company-llp-info/under-alert/companies-under-strike-off.html,https://www.mca.gov.in/content/mca/global/en/data-and-reports/company-llp-info/under-alert/companies-under-strike-off.html,https://www.mca.gov.in/content/mca/global/en/data-and-reports/company-llp-info/under-alert/companies-under-strike-off.html,200,15000,ACCESSIBLE
/content/mca/global/en/data-and-reports/company-llp-info/under-alert/llps-under-strike-off.html,https://www.mca.gov.in/content/mca/global/en/data-and-reports/company-llp-info/under-alert/llps-under-strike-off.html,https://www.mca.gov.in/content/mca/global/en/data-and-reports/company-llp-info/under-alert/llps-under-strike-off.html,200,15000,ACCESSIBLE
/content/mca/global/en/data-and-reports/company-llp-info/under-alert/companies-nf-5inv.html,https://www.mca.gov.in/content/mca/global/en/data-and-reports/company-llp-info/under-alert/companies-nf-5inv.html,https://www.mca.gov.in/content/mca/global/en/data-and-reports/company-llp-info/under-alert/companies-nf-5inv.html,200,15000,ACCESSIBLE
/content/mca/global/en/data-and-reports/rd-roc-info.html,https://www.mca.gov.in/content/mca/global/en/data-and-reports/rd-roc-info.html,https://www.mca.gov.in/content/mca/global/en/data-and-reports/rd-roc-info.html,200,15000,ACCESSIBLE
/content/mca/global/en/data-and-reports/rd-roc-info/companies-struck-roc.html,https://www.mca.gov.in/content/mca/global/en/data-and-reports/rd-roc-info/companies-struck-roc.html,https://www.mca.gov.in/content/mca/global/en/data-and-reports/rd-roc-info/companies-struck-roc.html,200,15000,ACCESSIBLE
/content/mca/global/en/data-and-reports/rd-roc-info/strike-off-notice-registrar.html,https://www.mca.gov.in/content/mca/global/en/data-and-reports/rd-roc-info/strike-off-notice-registrar.html,https://www.mca.gov.in/content/mca/global/en/data-and-reports/rd-roc-info/strike-off-notice-registrar.html,200,15000,ACCESSIBLE
/content/mca/global/en/data-and-reports/rd-roc-info/public-notices.html,https://www.mca.gov.in/content/mca/global/en/data-and-reports/rd-roc-info/public-notices.html,https://www.mca.gov.in/content/mca/global/en/data-and-reports/rd-roc-info/public-notices.html,200,15000,ACCESSIBLE
/content/mca/global/en/data-and-reports/rd-roc-info/public-notices-stk6.html,https://www.mca.gov.in/content/mca/global/en/data-and-reports/rd-roc-info/public-notices-stk6.html,https://www.mca.gov.in/content/mca/global/en/data-and-reports/rd-roc-info/public-notices-stk6.html,200,15000,ACCESSIBLE
/content/mca/global/en/data-and-reports/rd-roc-info/directors-with-struckoff-companies.html,https://www.mca.gov.in/content/mca/global/en/data-and-reports/rd-roc-info/directors-with-struckoff-companies.html,https://www.mca.gov.in/content/mca/global/en/data-and-reports/rd-roc-info/directors-with-struckoff-companies.html,200,15000,ACCESSIBLE
/content/mca/global/en/data-and-reports/rd-roc-info/proclaimed-offenders.html,https://www.mca.gov.in/content/mca/global/en/data-and-reports/rd-roc-info/proclaimed-offenders.html,https://www.mca.gov.in/content/mca/global/en/data-and-reports/rd-roc-info/proclaimed-offenders.html,200,15000,ACCESSIBLE
/content/mca/global/en/data-and-reports/rd-roc-info/disqualified-directors.html,https://www.mca.gov.in/content/mca/global/en/data-and-reports/rd-roc-info/disqualified-directors.html,https://www.mca.gov.in/content/mca/global/en/data-and-reports/rd-roc-info/disqualified-directors.html,200,15000,ACCESSIBLE
/content/mca/global/en/data-and-reports/rd-roc-info/roc-adjudication-orders.html,https://www.mca.gov.in/content/mca/global/en/data-and-reports/rd-roc-info/roc-adjudication-orders.html,https://www.mca.gov.in/content/mca/global/en/data-and-reports/rd-roc-info/roc-adjudication-orders.html,200,15000,ACCESSIBLE
/content/mca/global/en/data-and-reports/rd-roc-info/extension-agm.html,https://www.mca.gov.in/content/mca/global/en/data-and-reports/rd-roc-info/extension-agm.html,https://www.mca.gov.in/content/mca/global/en/data-and-reports/rd-roc-info/extension-agm.html,200,15000,ACCESSIBLE
/content/mca/global/en/data-and-reports/rd-roc-info/strike-off-notice.html,https://www.mca.gov.in/content/mca/global/en/data-and-reports/rd-roc-info/strike-off-notice.html,https://www.mca.gov.in/content/mca/global/en/data-and-reports/rd-roc-info/strike-off-notice.html,200,15000,ACCESSIBLE
/content/mca/global/en/data-and-reports/rd-roc-info/rd-adjudication-orders.html,https://www.mca.gov.in/content/mca/global/en/data-and-reports/rd-roc-info/rd-adjudication-orders.html,https://www.mca.gov.in/content/mca/global/en/data-and-reports/rd-roc-info/rd-adjudication-orders.html,200,15000,ACCESSIBLE
/content/mca/global/en/data-and-reports/rd-roc-info/rd-Compounding-orders.html,https://www.mca.gov.in/content/mca/global/en/data-and-reports/rd-roc-info/rd-Compounding-orders.html,https://www.mca.gov.in/content/mca/global/en/data-and-reports/rd-roc-info/rd-Compounding-orders.html,200,15000,ACCESSIBLE
/content/mca/global/en/help-faq.html,https://www.mca.gov.in/content/mca/global/en/help-faq.html,https://www.mca.gov.in/content/mca/global/en/help-faq.html,200,15000,ACCESSIBLE
/content/mca/global/en/help-faq/faqs.html,https://www.mca.gov.in/content/mca/global/en/help-faq/faqs.html,https://www.mca.gov.in/content/mca/global/en/help-faq/faqs.html,200,15000,ACCESSIBLE
/content/mca/global/en/help-faq/faqs/e-filing2.html,https://www.mca.gov.in/content/mca/global/en/help-faq/faqs/e-filing2.html,https://www.mca.gov.in/content/mca/global/en/help-faq/faqs/e-filing2.html,200,15000,ACCESSIBLE
/content/mca/global/en/help-faq/faqs/e-filing2/steps-for-e-filing.html,https://www.mca.gov.in/content/mca/global/en/help-faq/faqs/e-filing2/steps-for-e-filing.html,https://www.mca.gov.in/content/mca/global/en/help-faq/faqs/e-filing2/steps-for-e-filing.html,200,15000,ACCESSIBLE
/content/mca/global/en/help-faq/faqs/e-filing2/revised-filing-steps-faqs-of-form-3-llp.html,https://www.mca.gov.in/content/mca/global/en/help-faq/faqs/e-filing2/revised-filing-steps-faqs-of-form-3-llp.html,https://www.mca.gov.in/content/mca/global/en/help-faq/faqs/e-filing2/revised-filing-steps-faqs-of-form-3-llp.html,200,15000,ACCESSIBLE
/content/mca/global/en/help-faq/faqs/e-filing2/revised-filing-steps-faqs-of-form-11-llp.html,https://www.mca.gov.in/content/mca/global/en/help-faq/faqs/e-filing2/revised-filing-steps-faqs-of-form-11-llp.html,https://www.mca.gov.in/content/mca/global/en/help-faq/faqs/e-filing2/revised-filing-steps-faqs-of-form-11-llp.html,200,15000,ACCESSIBLE
/content/mca/global/en/help-faq/faqs/e-filing2/prerequisite-software-for-e-filing.html,https://www.mca.gov.in/content/mca/global/en/help-faq/faqs/e-filing2/prerequisite-software-for-e-filing.html,https://www.mca.gov.in/content/mca/global/en/help-faq/faqs/e-filing2/prerequisite-software-for-e-filing.html,200,15000,ACCESSIBLE
/content/mca/global/en/help-faq/faqs/company-services.html,https://www.mca.gov.in/content/mca/global/en/help-faq/faqs/company-services.html,https://www.mca.gov.in/content/mca/global/en/help-faq/faqs/company-services.html,200,15000,ACCESSIBLE
/content/mca/global/en/help-faq/faqs/company-services/incorporation.html,https://www.mca.gov.in/content/mca/global/en/help-faq/faqs/company-services/incorporation.html,https://www.mca.gov.in/content/mca/global/en/help-faq/faqs/company-services/incorporation.html,200,15000,ACCESSIBLE
/content/mca/global/en/help-faq/faqs/company-services/incorporation/spiceplus-linked-filings.html,https://www.mca.gov.in/content/mca/global/en/help-faq/faqs/company-services/incorporation/spiceplus-linked-filings.html,https://www.mca.gov.in/content/mca/global/en/help-faq/faqs/company-services/incorporation/spiceplus-linked-filings.html,200,15000,ACCESSIBLE
/content/mca/global/en/help-faq/faqs/company-services/incorporation/one-person-company.html,https://www.mca.gov.in/content/mca/global/en/help-faq/faqs/company-services/incorporation/one-person-company.html,https://www.mca.gov.in/content/mca/global/en/help-faq/faqs/company-services/incorporation/one-person-company.html,200,15000,ACCESSIBLE
/content/mca/global/en/help-faq/faqs/company-services/incorporation/agile-pro-s-form.html,https://www.mca.gov.in/content/mca/global/en/help-faq/faqs/company-services/incorporation/agile-pro-s-form.html,https://www.mca.gov.in/content/mca/global/en/help-faq/faqs/company-services/incorporation/agile-pro-s-form.html,200,15000,ACCESSIBLE
/content/mca/global/en/help-faq/faqs/company-services/incorporation/change-company-information.html,https://www.mca.gov.in/content/mca/global/en/help-faq/faqs/company-services/incorporation/change-company-information.html,https://www.mca.gov.in/content/mca/global/en/help-faq/faqs/company-services/incorporation/change-company-information.html,200,15000,ACCESSIBLE
/content/mca/global/en/help-faq/faqs/company-services/din-related.html,https://www.mca.gov.in/content/mca/global/en/help-faq/faqs/company-services/din-related.html,https://www.mca.gov.in/content/mca/global/en/help-faq/faqs/company-services/din-related.html,200,15000,ACCESSIBLE
/content/mca/global/en/help-faq/faqs/company-services/din-related/dir-3-kyc.html,https://www.mca.gov.in/content/mca/global/en/help-faq/faqs/company-services/din-related/dir-3-kyc.html,https://www.mca.gov.in/content/mca/global/en/help-faq/faqs/company-services/din-related/dir-3-kyc.html,200,15000,ACCESSIBLE
/content/mca/global/en/help-faq/faqs/company-services/charge-management.html,https://www.mca.gov.in/content/mca/global/en/help-faq/faqs/company-services/charge-management.html,https://www.mca.gov.in/content/mca/global/en/help-faq/faqs/company-services/charge-management.html,200,15000,ACCESSIBLE
/content/mca/global/en/help-faq/faqs/company-services/informational-services.html,https://www.mca.gov.in/content/mca/global/en/help-faq/faqs/company-services/informational-services.html,https://www.mca.gov.in/content/mca/global/en/help-faq/faqs/company-services/informational-services.html,200,15000,ACCESSIBLE
/content/mca/global/en/help-faq/faqs/company-services/compliance-filing.html,https://www.mca.gov.in/content/mca/global/en/help-faq/faqs/company-services/compliance-filing.html,https://www.mca.gov.in/content/mca/global/en/help-faq/faqs/company-services/compliance-filing.html,200,15000,ACCESSIBLE
/content/mca/global/en/help-faq/faqs/company-services/approval-services.html,https://www.mca.gov.in/content/mca/global/en/help-faq/faqs/company-services/approval-services.html,https://www.mca.gov.in/content/mca/global/en/help-faq/faqs/company-services/approval-services.html,200,15000,ACCESSIBLE
/content/mca/global/en/help-faq/faqs/company-services/others.html,https://www.mca.gov.in/content/mca/global/en/help-faq/faqs/company-services/others.html,https://www.mca.gov.in/content/mca/global/en/help-faq/faqs/company-services/others.html,200,15000,ACCESSIBLE
/content/mca/global/en/help-faq/faqs/user-registration2.html,https://www.mca.gov.in/content/mca/global/en/help-faq/faqs/user-registration2.html,https://www.mca.gov.in/content/mca/global/en/help-faq/faqs/user-registration2.html,200,15000,ACCESSIBLE
/content/mca/global/en/help-faq/faqs/payment2.html,https://www.mca.gov.in/content/mca/global/en/help-faq/faqs/payment2.html,https://www.mca.gov.in/content/mca/global/en/help-faq/faqs/payment2.html,200,15000,ACCESSIBLE
/content/mca/global/en/help-faq/faqs/payment2/payment.html,https://www.mca.gov.in/content/mca/global/en/help-faq/faqs/payment2/payment.html,https://www.mca.gov.in/content/mca/global/en/help-faq/faqs/payment2/payment.html,200,15000,ACCESSIBLE
/content/mca/global/en/help-faq/faqs/payment2/list-of-authorised-banks.html,https://www.mca.gov.in/content/mca/global/en/help-faq/faqs/payment2/list-of-authorised-banks.html,https://www.mca.gov.in/content/mca/global/en/help-faq/faqs/payment2/list-of-authorised-banks.html,200,15000,ACCESSIBLE
/content/mca/global/en/help-faq/faqs/payment2/refund.html,https://www.mca.gov.in/content/mca/global/en/help-faq/faqs/payment2/refund.html,https://www.mca.gov.in/content/mca/global/en/help-faq/faqs/payment2/refund.html,200,15000,ACCESSIBLE
/content/mca/global/en/help-faq/faqs/payment2/cancel-srn-due-to-unsuccessful-payment.html,https://www.mca.gov.in/content/mca/global/en/help-faq/faqs/payment2/cancel-srn-due-to-unsuccessful-payment.html,https://www.mca.gov.in/content/mca/global/en/help-faq/faqs/payment2/cancel-srn-due-to-unsuccessful-payment.html,200,15000,ACCESSIBLE
/content/mca/global/en/help-faq/faqs/payment2/rates-of-stamp-duty.html,https://www.mca.gov.in/content/mca/global/en/help-faq/faqs/payment2/rates-of-stamp-duty.html,https://www.mca.gov.in/content/mca/global/en/help-faq/faqs/payment2/rates-of-stamp-duty.html,200,15000,ACCESSIBLE
/content/mca/global/en/help-faq/faqs/payment2/estamp.html,https://www.mca.gov.in/content/mca/global/en/help-faq/faqs/payment2/estamp.html,https://www.mca.gov.in/content/mca/global/en/help-faq/faqs/payment2/estamp.html,200,15000,ACCESSIBLE
/content/mca/global/en/help-faq/faqs/offline-payment.html,https://www.mca.gov.in/content/mca/global/en/help-faq/faqs/offline-payment.html,https://www.mca.gov.in/content/mca/global/en/help-faq/faqs/offline-payment.html,200,15000,ACCESSIBLE
/content/mca/global/en/help-faq/faqs/offline-payment/faqs-offline-payment.html,https://www.mca.gov.in/content/mca/global/en/help-faq/faqs/offline-payment/faqs-offline-payment.html,https://www.mca.gov.in/content/mca/global/en/help-faq/faqs/offline-payment/faqs-offline-payment.html,200,15000,ACCESSIBLE
/content/mca/global/en/help-faq/faqs/offline-payment/Steps-to-make-Offline-Payment.html,https://www.mca.gov.in/content/mca/global/en/help-faq/faqs/offline-payment/Steps-to-make-Offline-Payment.html,https://www.mca.gov.in/content/mca/global/en/help-faq/faqs/offline-payment/Steps-to-make-Offline-Payment.html,200,15000,ACCESSIBLE
/content/mca/global/en/help-faq/faqs/offline-payment/iepf-for-Pay-Miscellaneous-fee.html,https://www.mca.gov.in/content/mca/global/en/help-faq/faqs/offline-payment/iepf-for-Pay-Miscellaneous-fee.html,https://www.mca.gov.in/content/mca/global/en/help-faq/faqs/offline-payment/iepf-for-Pay-Miscellaneous-fee.html,200,15000,ACCESSIBLE
/content/mca/global/en/help-faq/faqs/dsc-services.html,https://www.mca.gov.in/content/mca/global/en/help-faq/faqs/dsc-services.html,https://www.mca.gov.in/content/mca/global/en/help-faq/faqs/dsc-services.html,200,15000,ACCESSIBLE
/content/mca/global/en/help-faq/faqs/dsc-services/digital-signature-certificate.html,https://www.mca.gov.in/content/mca/global/en/help-faq/faqs/dsc-services/digital-signature-certificate.html,https://www.mca.gov.in/content/mca/global/en/help-faq/faqs/dsc-services/digital-signature-certificate.html,200,15000,ACCESSIBLE
/content/mca/global/en/help-faq/faqs/dsc-services/associate-dsc.html,https://www.mca.gov.in/content/mca/global/en/help-faq/faqs/dsc-services/associate-dsc.html,https://www.mca.gov.in/content/mca/global/en/help-faq/faqs/dsc-services/associate-dsc.html,200,15000,ACCESSIBLE
/content/mca/global/en/help-faq/faqs/dsc-services/dsc-registration.html,https://www.mca.gov.in/content/mca/global/en/help-faq/faqs/dsc-services/dsc-registration.html,https://www.mca.gov.in/content/mca/global/en/help-faq/faqs/dsc-services/dsc-registration.html,200,15000,ACCESSIBLE
/content/mca/global/en/help-faq/faqs/dsc-services/dsc-requirements.html,https://www.mca.gov.in/content/mca/global/en/help-faq/faqs/dsc-services/dsc-requirements.html,https://www.mca.gov.in/content/mca/global/en/help-faq/faqs/dsc-services/dsc-requirements.html,200,15000,ACCESSIBLE
/content/mca/global/en/help-faq/faqs/xbrl1.html,https://www.mca.gov.in/content/mca/global/en/help-faq/faqs/xbrl1.html,https://www.mca.gov.in/content/mca/global/en/help-faq/faqs/xbrl1.html,200,15000,ACCESSIBLE
/content/mca/global/en/help-faq/faqs/mca-website.html,https://www.mca.gov.in/content/mca/global/en/help-faq/faqs/mca-website.html,https://www.mca.gov.in/content/mca/global/en/help-faq/faqs/mca-website.html,200,15000,ACCESSIBLE
/content/mca/global/en/help-faq/faqs/mca-website/v3-website.html,https://www.mca.gov.in/content/mca/global/en/help-faq/faqs/mca-website/v3-website.html,https://www.mca.gov.in/content/mca/global/en/help-faq/faqs/mca-website/v3-website.html,200,15000,ACCESSIBLE
/content/mca/global/en/help-faq/faqs/mca-website/e-book.html,https://www.mca.gov.in/content/mca/global/en/help-faq/faqs/mca-website/e-book.html,https://www.mca.gov.in/content/mca/global/en/help-faq/faqs/mca-website/e-book.html,200,15000,ACCESSIBLE
/content/mca/global/en/help-faq/faqs/mca-website/e-consultation.html,https://www.mca.gov.in/content/mca/global/en/help-faq/faqs/mca-website/e-consultation.html,https://www.mca.gov.in/content/mca/global/en/help-faq/faqs/mca-website/e-consultation.html,200,15000,ACCESSIBLE
/content/mca/global/en/help-faq/faqs/e-adjudication.html,https://www.mca.gov.in/content/mca/global/en/help-faq/faqs/e-adjudication.html,https://www.mca.gov.in/content/mca/global/en/help-faq/faqs/e-adjudication.html,200,15000,ACCESSIBLE
/content/mca/global/en/help-faq/faqs/iepf-website.html,https://www.mca.gov.in/content/mca/global/en/help-faq/faqs/iepf-website.html,https://www.mca.gov.in/content/mca/global/en/help-faq/faqs/iepf-website.html,200,15000,ACCESSIBLE
/content/mca/global/en/help-faq/faqs/iepf-website/iepf-5-Claimant.html,https://www.mca.gov.in/content/mca/global/en/help-faq/faqs/iepf-website/iepf-5-Claimant.html,https://www.mca.gov.in/content/mca/global/en/help-faq/faqs/iepf-website/iepf-5-Claimant.html,200,15000,ACCESSIBLE
/content/mca/global/en/help-faq/faqs/iepf-website/new-evr-company.html,https://www.mca.gov.in/content/mca/global/en/help-faq/faqs/iepf-website/new-evr-company.html,https://www.mca.gov.in/content/mca/global/en/help-faq/faqs/iepf-website/new-evr-company.html,200,15000,ACCESSIBLE
/content/mca/global/en/help-faq/faqs/crc.html,https://www.mca.gov.in/content/mca/global/en/help-faq/faqs/crc.html,https://www.mca.gov.in/content/mca/global/en/help-faq/faqs/crc.html,200,15000,ACCESSIBLE
/content/mca/global/en/help-faq/faqs/c-pace.html,https://www.mca.gov.in/content/mca/global/en/help-faq/faqs/c-pace.html,https://www.mca.gov.in/content/mca/global/en/help-faq/faqs/c-pace.html,200,15000,ACCESSIBLE
/content/mca/global/en/help-faq/faqs/system-requirements1.html,https://www.mca.gov.in/content/mca/global/en/help-faq/faqs/system-requirements1.html,https://www.mca.gov.in/content/mca/global/en/help-faq/faqs/system-requirements1.html,200,15000,ACCESSIBLE
/content/mca/global/en/help-faq/faqs/system-requirements1/viewing-file-formats.html,https://www.mca.gov.in/content/mca/global/en/help-faq/faqs/system-requirements1/viewing-file-formats.html,https://www.mca.gov.in/content/mca/global/en/help-faq/faqs/system-requirements1/viewing-file-formats.html,200,15000,ACCESSIBLE
/content/mca/global/en/help-faq/faqs/important-documents.html,https://www.mca.gov.in/content/mca/global/en/help-faq/faqs/important-documents.html,https://www.mca.gov.in/content/mca/global/en/help-faq/faqs/important-documents.html,200,15000,ACCESSIBLE
/content/mca/global/en/help-faq/annual-filing.html,https://www.mca.gov.in/content/mca/global/en/help-faq/annual-filing.html,https://www.mca.gov.in/content/mca/global/en/help-faq/annual-filing.html,200,15000,ACCESSIBLE
/content/mca/global/en/help-faq/annual-filing/commonly-asked-questions.html,https://www.mca.gov.in/content/mca/global/en/help-faq/annual-filing/commonly-asked-questions.html,https://www.mca.gov.in/content/mca/global/en/help-faq/annual-filing/commonly-asked-questions.html,200,15000,ACCESSIBLE
/content/mca/global/en/help-faq/annual-filing/general.html,https://www.mca.gov.in/content/mca/global/en/help-faq/annual-filing/general.html,https://www.mca.gov.in/content/mca/global/en/help-faq/annual-filing/general.html,200,15000,ACCESSIBLE
/content/mca/global/en/help-faq/annual-filing/adt-forms.html,https://www.mca.gov.in/content/mca/global/en/help-faq/annual-filing/adt-forms.html,https://www.mca.gov.in/content/mca/global/en/help-faq/annual-filing/adt-forms.html,200,15000,ACCESSIBLE
/content/mca/global/en/help-faq/annual-filing/aoc-4-and-linked-filings.html,https://www.mca.gov.in/content/mca/global/en/help-faq/annual-filing/aoc-4-and-linked-filings.html,https://www.mca.gov.in/content/mca/global/en/help-faq/annual-filing/aoc-4-and-linked-filings.html,200,15000,ACCESSIBLE
/content/mca/global/en/help-faq/annual-filing/cost-audit-forms.html,https://www.mca.gov.in/content/mca/global/en/help-faq/annual-filing/cost-audit-forms.html,https://www.mca.gov.in/content/mca/global/en/help-faq/annual-filing/cost-audit-forms.html,200,15000,ACCESSIBLE
/content/mca/global/en/help-faq/annual-filing/mgt-7-and-mgt-7a.html,https://www.mca.gov.in/content/mca/global/en/help-faq/annual-filing/mgt-7-and-mgt-7a.html,https://www.mca.gov.in/content/mca/global/en/help-faq/annual-filing/mgt-7-and-mgt-7a.html,200,15000,ACCESSIBLE
/content/mca/global/en/help-faq/annual-filing/offline-lilings-of-annual-forms.html,https://www.mca.gov.in/content/mca/global/en/help-faq/annual-filing/offline-lilings-of-annual-forms.html,https://www.mca.gov.in/content/mca/global/en/help-faq/annual-filing/offline-lilings-of-annual-forms.html,200,15000,ACCESSIBLE
/content/mca/global/en/help-faq/e-filing-help-kits.html,https://www.mca.gov.in/content/mca/global/en/help-faq/e-filing-help-kits.html,https://www.mca.gov.in/content/mca/global/en/help-faq/e-filing-help-kits.html,200,15000,ACCESSIBLE
/content/mca/global/en/help-faq/e-filing-help-kits/company-efilings.html,https://www.mca.gov.in/content/mca/global/en/help-faq/e-filing-help-kits/company-efilings.html,https://www.mca.gov.in/content/mca/global/en/help-faq/e-filing-help-kits/company-efilings.html,200,15000,ACCESSIBLE
/content/mca/global/en/help-faq/e-filing-help-kits/company-efilings/incorporation-services.html,https://www.mca.gov.in/content/mca/global/en/help-faq/e-filing-help-kits/company-efilings/incorporation-services.html,https://www.mca.gov.in/content/mca/global/en/help-faq/e-filing-help-kits/company-efilings/incorporation-services.html,200,15000,ACCESSIBLE
/content/mca/global/en/help-faq/e-filing-help-kits/company-efilings/din-related-forms.html,https://www.mca.gov.in/content/mca/global/en/help-faq/e-filing-help-kits/company-efilings/din-related-forms.html,https://www.mca.gov.in/content/mca/global/en/help-faq/e-filing-help-kits/company-efilings/din-related-forms.html,200,15000,ACCESSIBLE
/content/mca/global/en/help-faq/e-filing-help-kits/company-efilings/charge-management.html,https://www.mca.gov.in/content/mca/global/en/help-faq/e-filing-help-kits/company-efilings/charge-management.html,https://www.mca.gov.in/content/mca/global/en/help-faq/e-filing-help-kits/company-efilings/charge-management.html,200,15000,ACCESSIBLE
/content/mca/global/en/help-faq/e-filing-help-kits/company-efilings/Deposits.html,https://www.mca.gov.in/content/mca/global/en/help-faq/e-filing-help-kits/company-efilings/Deposits.html,https://www.mca.gov.in/content/mca/global/en/help-faq/e-filing-help-kits/company-efilings/Deposits.html,200,15000,ACCESSIBLE
/content/mca/global/en/help-faq/e-filing-help-kits/company-efilings/informational-services.html,https://www.mca.gov.in/content/mca/global/en/help-faq/e-filing-help-kits/company-efilings/informational-services.html,https://www.mca.gov.in/content/mca/global/en/help-faq/e-filing-help-kits/company-efilings/informational-services.html,200,15000,ACCESSIBLE
/content/mca/global/en/help-faq/e-filing-help-kits/company-efilings/change-services.html,https://www.mca.gov.in/content/mca/global/en/help-faq/e-filing-help-kits/company-efilings/change-services.html,https://www.mca.gov.in/content/mca/global/en/help-faq/e-filing-help-kits/company-efilings/change-services.html,200,15000,ACCESSIBLE
/content/mca/global/en/help-faq/e-filing-help-kits/company-efilings/compliance-services.html,https://www.mca.gov.in/content/mca/global/en/help-faq/e-filing-help-kits/company-efilings/compliance-services.html,https://www.mca.gov.in/content/mca/global/en/help-faq/e-filing-help-kits/company-efilings/compliance-services.html,200,15000,ACCESSIBLE
/content/mca/global/en/help-faq/e-filing-help-kits/company-efilings/approval-services-regional-director.html,https://www.mca.gov.in/content/mca/global/en/help-faq/e-filing-help-kits/company-efilings/approval-services-regional-director.html,https://www.mca.gov.in/content/mca/global/en/help-faq/e-filing-help-kits/company-efilings/approval-services-regional-director.html,200,15000,ACCESSIBLE
/content/mca/global/en/help-faq/e-filing-help-kits/company-efilings/approval-services.html,https://www.mca.gov.in/content/mca/global/en/help-faq/e-filing-help-kits/company-efilings/approval-services.html,https://www.mca.gov.in/content/mca/global/en/help-faq/e-filing-help-kits/company-efilings/approval-services.html,200,15000,ACCESSIBLE
/content/mca/global/en/help-faq/e-filing-help-kits/company-efilings/approval-services-headquarters.html,https://www.mca.gov.in/content/mca/global/en/help-faq/e-filing-help-kits/company-efilings/approval-services-headquarters.html,https://www.mca.gov.in/content/mca/global/en/help-faq/e-filing-help-kits/company-efilings/approval-services-headquarters.html,200,15000,ACCESSIBLE
/content/mca/global/en/help-faq/e-filing-help-kits/company-efilings/annual-filings.html,https://www.mca.gov.in/content/mca/global/en/help-faq/e-filing-help-kits/company-efilings/annual-filings.html,https://www.mca.gov.in/content/mca/global/en/help-faq/e-filing-help-kits/company-efilings/annual-filings.html,200,15000,ACCESSIBLE
/content/mca/global/en/help-faq/e-filing-help-kits/company-efilings/nidhi-services.html,https://www.mca.gov.in/content/mca/global/en/help-faq/e-filing-help-kits/company-efilings/nidhi-services.html,https://www.mca.gov.in/content/mca/global/en/help-faq/e-filing-help-kits/company-efilings/nidhi-services.html,200,15000,ACCESSIBLE
/content/mca/global/en/help-faq/e-filing-help-kits/company-efilings/foreign-company-services.html,https://www.mca.gov.in/content/mca/global/en/help-faq/e-filing-help-kits/company-efilings/foreign-company-services.html,https://www.mca.gov.in/content/mca/global/en/help-faq/e-filing-help-kits/company-efilings/foreign-company-services.html,200,15000,ACCESSIBLE
/content/mca/global/en/help-faq/e-filing-help-kits/company-efilings/investor-services.html,https://www.mca.gov.in/content/mca/global/en/help-faq/e-filing-help-kits/company-efilings/investor-services.html,https://www.mca.gov.in/content/mca/global/en/help-faq/e-filing-help-kits/company-efilings/investor-services.html,200,15000,ACCESSIBLE
/content/mca/global/en/help-faq/e-filing-help-kits/company-efilings/iepf-services.html,https://www.mca.gov.in/content/mca/global/en/help-faq/e-filing-help-kits/company-efilings/iepf-services.html,https://www.mca.gov.in/content/mca/global/en/help-faq/e-filing-help-kits/company-efilings/iepf-services.html,200,15000,ACCESSIBLE
/content/mca/global/en/help-faq/e-filing-help-kits/company-efilings/companies-act-1956-forms.html,https://www.mca.gov.in/content/mca/global/en/help-faq/e-filing-help-kits/company-efilings/companies-act-1956-forms.html,https://www.mca.gov.in/content/mca/global/en/help-faq/e-filing-help-kits/company-efilings/companies-act-1956-forms.html,200,15000,ACCESSIBLE
/content/mca/global/en/help-faq/e-filing-help-kits/llp-efilings.html,https://www.mca.gov.in/content/mca/global/en/help-faq/e-filing-help-kits/llp-efilings.html,https://www.mca.gov.in/content/mca/global/en/help-faq/e-filing-help-kits/llp-efilings.html,200,15000,ACCESSIBLE
/content/mca/global/en/help-faq/penalties-and-Offences-under-companies-act-2013.html,https://www.mca.gov.in/content/mca/global/en/help-faq/penalties-and-Offences-under-companies-act-2013.html,https://www.mca.gov.in/content/mca/global/en/help-faq/penalties-and-Offences-under-companies-act-2013.html,200,15000,ACCESSIBLE
/content/mca/global/en/contact-us.html,https://www.mca.gov.in/content/mca/global/en/contact-us.html,https://www.mca.gov.in/content/mca/global/en/contact-us.html,200,15000,ACCESSIBLE
/content/mca/global/en/contact-us/grievance-cell.html,https://www.mca.gov.in/content/mca/global/en/contact-us/grievance-cell.html,https://www.mca.gov.in/content/mca/global/en/contact-us/grievance-cell.html,200,15000,ACCESSIBLE
/content/mca/global/en/contact-us/minister-corporate-affairs.html,https://www.mca.gov.in/content/mca/global/en/contact-us/minister-corporate-affairs.html,https://www.mca.gov.in/content/mca/global/en/contact-us/minister-corporate-affairs.html,200,15000,ACCESSIBLE
/content/mca/global/en/contact-us/minister-state-for-corporate-affairs.html,https://www.mca.gov.in/content/mca/global/en/contact-us/minister-state-for-corporate-affairs.html,https://www.mca.gov.in/content/mca/global/en/contact-us/minister-state-for-corporate-affairs.html,200,15000,ACCESSIBLE
/content/mca/global/en/contact-us/officials-at-head-quarters.html,https://www.mca.gov.in/content/mca/global/en/contact-us/officials-at-head-quarters.html,https://www.mca.gov.in/content/mca/global/en/contact-us/officials-at-head-quarters.html,200,15000,ACCESSIBLE
/content/mca/global/en/contact-us/DGCOA-Officers.html,https://www.mca.gov.in/content/mca/global/en/contact-us/DGCOA-Officers.html,https://www.mca.gov.in/content/mca/global/en/contact-us/DGCOA-Officers.html,200,15000,ACCESSIBLE
/content/mca/global/en/contact-us/rd.html,https://www.mca.gov.in/content/mca/global/en/contact-us/rd.html,https://www.mca.gov.in/content/mca/global/en/contact-us/rd.html,200,15000,ACCESSIBLE
/content/mca/global/en/contact-us/roc.html,https://www.mca.gov.in/content/mca/global/en/contact-us/roc.html,https://www.mca.gov.in/content/mca/global/en/contact-us/roc.html,200,15000,ACCESSIBLE
/content/mca/global/en/contact-us/official-liquidators.html,https://www.mca.gov.in/content/mca/global/en/contact-us/official-liquidators.html,https://www.mca.gov.in/content/mca/global/en/contact-us/official-liquidators.html,200,15000,ACCESSIBLE
/content/mca/global/en/contact-us/cost-audit-branch.html,https://www.mca.gov.in/content/mca/global/en/contact-us/cost-audit-branch.html,https://www.mca.gov.in/content/mca/global/en/contact-us/cost-audit-branch.html,200,15000,ACCESSIBLE
/content/mca/global/en/contact-us/investor-grievance-management-cell.html,https://www.mca.gov.in/content/mca/global/en/contact-us/investor-grievance-management-cell.html,https://www.mca.gov.in/content/mca/global/en/contact-us/investor-grievance-management-cell.html,200,15000,ACCESSIBLE
/content/mca/global/en/contact-us/liasion-office.html,https://www.mca.gov.in/content/mca/global/en/contact-us/liasion-office.html,https://www.mca.gov.in/content/mca/global/en/contact-us/liasion-office.html,200,15000,ACCESSIBLE
/content/mca/global/en/contact-us/web-information-manager.html,https://www.mca.gov.in/content/mca/global/en/contact-us/web-information-manager.html,https://www.mca.gov.in/content/mca/global/en/contact-us/web-information-manager.html,200,15000,ACCESSIBLE
